filename,PC1,PC2,PC3,PC4,PC5,PC6,PC7,PC8,PC9,PC10,PC11,PC12,PC13,PC14,PC15,PC16,PC17,PC18,PC19,PC20,PC21,PC22,PC23,PC24,PC25,PC26,PC27,PC28,PC29,PC30,PC31,PC32,PC33,PC34,PC35,PC36,PC37,PC38,PC39,PC40,PC41,PC42,PC43,PC44,PC45,PC46,PC47,PC48
24_1_0_20170103163127424.jpg.chip.jpg,7889.031361885869,659.4040493247769,2832.9777681360347,1415.0728743544614,139.59317570831246,-1777.0517286631284,-490.07836048999945,791.808885793088,1023.9362188814517,-1136.8161643841288,318.17706182783166,-564.00935498446,-1283.9898938796723,-467.8639516769962,-739.2618602948257,649.3549429021269,264.6536833362494,684.0015188282655,213.90059071953317,251.44801715618644,-227.01621525591625,1031.6799132515355,241.51457119967935,-57.32608562491881,-517.9214404304245,-114.9383359823563,-570.8619780680433,-641.10007440906,88.98755282924692,470.35249621864716,-318.1159626091911,421.9586333448981,65.73577094806673,-157.56695694610994,-342.7589866571428,-1172.8927777522501,-49.79898868290658,107.19900370136612,-272.5436913033323,-79.80338366024193,463.7041208169628,268.42216002848505,14.750917474298738,265.57450150139323,558.4785159200221,46.058589937263584,276.0166835883458,243.6448961112101
24_1_0_20170103163129280.jpg.chip.jpg,771.1199206333088,-2991.2529379687635,2024.3597690398042,1331.7842939107647,905.1232231576664,1497.200499929372,-559.7588310661033,685.4855276045971,61.88540986309428,1521.439400445024,-1196.4926440801753,1083.9967849417217,-590.0040399300743,94.07164094018007,-327.00748120255304,149.95809511483336,324.6933712597248,-223.24010809303326,-616.591948248013,692.3554901759663,-1068.021093785952,130.47585622335046,-960.7636442095624,1216.248020300613,368.2930344064756,580.5039439136481,663.6773773400539,-512.8946916514226,571.0579257683149,-458.2421527852111,235.265787497915,309.781306130601,-5.6018345875488516,-163.43081225259868,-113.37210330197999,-16.257817464319857,-176.3149731427705,-329.7101531108461,184.9253893737178,40.32648910390955,-402.42182214986434,402.27505598986795,0.9726737026538778,45.25864205386537,41.3675134399293,228.84179205059144,-218.6884002339857,230.6209666140925
24_1_0_20170103180549431.jpg.chip.jpg,1748.5828001098992,6510.4020808763435,428.3448486027079,2730.320531689299,-284.5382040769629,201.920987813917,1755.5143218797405,-95.69987361566898,-255.0488720389061,837.0125689282522,-1272.1140655571287,283.4277609060109,-595.3540773163896,90.3610721746606,-10.47402470164287,1353.659470249915,-39.37928433352054,1045.8720363125296,37.23938344365171,-683.3237216763436,497.25728532145655,775.2888095708489,-109.77941368553942,457.29417055132876,307.0268530486692,-728.0992844283239,-631.3575994051001,997.1277810901071,985.5985341709644,-268.1973433280842,-331.8311232978412,264.7394837607176,-416.8516423881764,282.92333836729307,333.7457666597103,931.1366113753814,-136.69476977811297,132.36109109822007,-392.18974714257126,277.56774526916246,420.59201682886214,203.64322221723955,-340.3699012762499,395.55031376608565,-415.0114831214431,220.2644524374056,81.55845084107064,2.9111224399647613
24_1_0_20170103180601840.jpg.chip.jpg,2651.8340162733766,-3213.256662359818,-2057.3575074640476,-199.30924058651124,-498.21343920837273,497.0169871322364,564.421740766843,869.8200807786294,606.9602202871969,494.13922693996255,179.52014210235976,-550.9826449006476,756.6482223191483,-864.7463971568209,-1151.431553321837,349.3322006963569,-669.6913438567649,-1062.9117880665963,1207.14076841264,486.8853412892509,160.16345756248137,705.0891234602924,1040.256783656025,585.3001468643125,-898.7544021782523,-234.62326808164016,-686.8865670158063,541.5276668888275,463.15374186476504,-66.29288863279231,954.9403607247541,-753.0314927000583,233.19383669998058,-168.83308373558484,86.36236984022625,365.92179538122133,-66.96685412043281,-217.94070994135942,-471.35268826934305,1102.8664098130107,-405.1230276735824,512.3433224099836,138.581610494884,-623.2429890764561,159.2263732112662,-368.8770110399964,16.52968314921249,-251.15476043280694
24_1_0_20170103180625656.jpg.chip.jpg,-4768.518383141137,2114.570169364701,1337.965530413562,-461.0299352093954,2599.6122167387316,810.3384444931867,-217.02738320185335,1164.0936284559857,1432.3537564677708,-635.2299253606452,184.51252041934467,361.95509320882513,-410.4422643723608,1438.215619548383,-1661.502522427309,143.45750407810465,-190.36451357238778,-73.4711456561155,-1132.0878977338562,270.37080637783765,216.7779353716993,387.3984949655758,-603.9711639835692,757.2398014740368,-436.31907930787213,-367.0297891323959,134.96933140463946,-279.61249257600105,367.7015509450937,-373.51420149405385,-162.62598068826773,-1111.774568834838,-114.86075672356557,113.938452565217,-277.9901608758663,665.001980486724,-355.38328248782807,-67.95486952379451,-633.1886567535212,-54.83609250350823,19.948459228271865,531.1951246923244,-649.574142817623,106.26782853877904,-75.67900887531766,129.69297738899562,106.56162330276364,-410.1072384459063
24_1_0_20170103180635111.jpg.chip.jpg,-4518.32507424775,2079.90271823563,790.9464965599822,1895.5210839195295,-3232.2114922416135,747.7611724846951,-473.86808931726614,416.04309681146225,382.9932250332509,-1662.6968223912033,24.981900790318974,321.4823276161388,1268.3934593925087,-613.3580207830308,801.8620464246196,-1276.708623331452,-927.4862700431121,-497.6151118515838,-292.03370199899604,-335.67277987880334,-385.7663384979336,-360.94172648462404,193.21210761229335,109.09169565850662,-383.4419046048411,-505.9600250223671,72.88717192704277,1103.495916277372,-367.5372948773907,-835.5780019773634,344.93267318119257,-334.2582011942563,-111.19925737538308,215.6857451418348,318.2281425181897,39.548165545445286,532.5888934987598,-185.9557481901361,-145.46408465859503,228.12844927471133,-816.3429656478224,898.3402708361424,-165.68291136487952,102.23502093361361,15.076059523661412,398.68222025576176,-301.7678562818087,-366.1964405303273
24_1_0_20170103180642496.jpg.chip.jpg,-2231.728591150384,-4396.153204016358,-223.13545606324988,1268.2640149336269,1574.74213591798,2591.386211412219,-846.8848806098017,922.1698608870945,-399.70606526215914,-233.62166217725817,-620.1257156452517,-7.45304538829039,-636.0029757384702,191.5753574452728,205.89011731215854,-87.19297031598829,-229.7496190915198,-95.49706563197823,316.9921161992913,-437.1170948143359,-101.05357218211337,-476.31871973102795,-1194.2865178468232,458.838702587338,-32.36883982121614,214.68601063070602,723.2958360612356,503.0118635358287,-618.273479740531,42.52480685264857,141.495374431845,-9.273470796062234,648.9012386435846,463.4268938522127,-158.41548072286832,636.6681381987871,167.27430379928248,-183.4302670877785,323.8395532988014,-3.1642234218351906,60.77316033744843,-537.8979343464015,233.09757837637721,179.52561146902298,-1.6898728296921306,140.26086934465317,209.71944369758876,939.2488414649815
24_1_0_20170103180732376.jpg.chip.jpg,47.77330283950801,-1232.0366330678546,1490.3617305823234,-3659.868650304888,1626.5717856981912,-667.0271363674027,-1675.9309938248077,3529.3572586344926,-1719.1450916648175,-2767.3513192249275,-1136.0942043186972,-1496.677269006515,959.9319879366959,144.59989067605508,-700.0525213534675,-673.1867149139692,763.538793719358,-474.356405721627,2257.6575338457483,-3230.006751034294,-320.6118617121669,1239.4436618506559,165.1962455505141,501.90393082868457,-1867.146958816206,-1008.6825971746371,771.4915556555783,-1888.175384859061,63.86152838152837,386.9666277978692,-1313.3859375937889,286.12447025493594,-887.1905434187545,-404.8769001535291,244.78506096955067,-597.9143090412877,-237.31658610485525,268.8984022045341,41.51385104701977,60.726817725992696,723.058658258095,-381.89199643446455,-969.5876543855194,329.20389895088147,-285.4457246775254,-272.27854128659936,-349.94580584358124,125.53302239593374
24_1_0_20170103225156008.jpg.chip.jpg,5470.155496528731,1752.8751687497568,-2983.161812228373,1326.5962810872895,107.71789810049322,-65.87436914243847,299.333760708219,-94.80159779599813,1666.4749816966971,-1008.4185882889684,-163.87696027379116,518.9756150795383,318.43446639718775,-109.70196085171044,-703.8914714998872,50.37244456199591,-408.36118346209975,32.57233682024907,247.64315990371625,194.4702133420527,298.58737029970877,-26.647794010452948,239.70224398870965,-98.93131784934958,177.9140677633243,-361.7774505941922,-440.85944859460335,32.096969939747126,338.60518743151545,-439.0203398107109,302.2008027932054,142.93714642363955,-657.3591130315524,361.45273667312284,-549.3362942976258,-563.9829227814506,-730.0316415314144,369.5824361444249,128.81322890162346,-192.53319200391977,235.4090536242378,13.343973739121253,826.1294375258652,427.420040159858,-73.61448592355373,-135.53822280398083,274.48257691497105,0.6128076935892499
24_1_0_20170104021527253.jpg.chip.jpg,-2470.7078088629255,-2813.3406658253475,-1280.3989625160702,2216.7256706330454,93.4308361562536,3120.3415379469698,-296.8965153883311,-651.0498617260023,-1288.9815212533895,-615.2922546183102,593.6252512303349,-444.50240819479995,223.49870872232492,76.5098244890335,800.8639440709995,-521.1467580954849,960.8472404917356,-1438.1139792772171,-622.8603910486778,-225.61869158856845,-464.3101830901636,-835.0102024654267,-267.0812761517427,23.906812154438363,-385.43456093021894,-31.297036904174977,115.79742194336761,28.81825177842556,-1008.2201882108551,666.8273520290604,31.16124214697778,-88.64835844295617,-714.4529017790879,547.0205715968208,-223.392313993292,-174.02804968685348,-403.15615977738383,-241.45277233703473,-162.81961083286973,474.46970950674114,53.90649063011697,-625.2259757130214,649.2279187850982,290.8503723711856,-450.68281752466345,-147.83834772777357,-10.368550123230754,433.9426355566692
24_1_0_20170104022030117.jpg.chip.jpg,2009.9326688757424,3285.6850345041034,-2465.429117084423,2300.5099872379064,-609.7555425112766,-154.8993009724177,-57.21549013340868,82.16605470402793,1122.9670920597123,-180.60142523866043,496.88145072531046,-232.09032725399493,-94.49812689716899,63.92717391883345,-677.8885993804734,462.81592008823003,-423.474197562198,-267.7929827162082,46.66673207063791,-13.354960653299479,-188.82970655061152,394.85039839403,-320.54318657386426,-925.6688374372147,87.34465557924061,-102.04380107218502,-612.6930311065972,-170.02889037013998,348.62137635559486,-153.09496245383437,-271.6214209648799,315.3174348546082,-142.47555431745565,266.4645298976681,-134.69282439893635,-372.88440510155465,801.1079297325743,-142.81617028233725,-467.65129812770374,-81.15660304629309,-104.98849042230246,-437.30408604188335,-110.37245473204071,573.224686858922,162.10002064837312,-147.09244805634515,62.42602851275647,49.32188492305712
24_1_0_20170104022714148.jpg.chip.jpg,-4704.550605624024,399.43709822564927,1975.2389427439034,643.2167263614895,1396.3615552013653,-1484.0480964281946,2478.9473948612485,287.61708742811123,-1218.7114681232613,2043.1621890105491,556.9361483042769,1239.360692531039,582.4726212944927,281.85299534403805,1568.3223236342412,-870.4982848718021,-559.1145409709274,595.7717852129734,-359.427279838854,-278.489119171846,91.43004490272311,-240.5320748350278,-227.1351303769652,-578.4359007462048,-94.93987537301328,-566.2071178925771,667.9366699486918,1295.2701368727974,-154.79292017299122,-891.6209046251013,-411.5832435551777,1111.189060923866,-368.23216152191844,-83.30698548981837,29.950550481595023,34.95072744536592,-271.51671390611097,-10.761025531180783,-65.15892430612489,-242.3649908539551,-52.92103268309526,-375.0642245061284,-180.75664221873106,121.28205600864634,97.77903868117107,-370.96276319621757,-51.51257332365468,-883.6025403359314
24_1_0_20170104022800709.jpg.chip.jpg,-4369.528276429152,-725.0202955750798,-615.1162472557669,688.9538717738641,-1662.7713896129449,-1083.3281024013095,77.71157527536444,2026.8144400067122,3283.9280903068952,-2201.4233252016725,448.02827635347353,990.0469755508582,192.60683305155192,134.4262610422922,-114.68033986650622,1432.9701275552136,618.018817057178,75.26187117169796,-281.1704369381102,948.8009498118663,-596.9252435188617,200.18013148317817,-872.1649708249345,716.9822441374739,386.9615343132249,-1929.9151295675088,58.85799541081618,52.29040062943732,-1092.5535594272314,566.8029873834411,238.7648969934314,-734.0406179589604,49.49662348311135,764.7922630160263,79.56405116367183,-1188.1615376908182,-23.735330200152724,-217.6945135440277,878.1558764489555,-363.46515443684046,-410.1208580733438,163.90711876504812,-522.8912986268306,-550.5066603691768,499.2734924435865,409.8618009339909,33.897902916207805,355.0588689075849
24_1_0_20170104234820025.jpg.chip.jpg,-2555.725916018159,3456.8173714317386,1357.7565199973653,685.9659400301875,748.5445688367508,721.8117068705832,561.9253673088809,455.5523275643978,189.05309788600772,540.7699949198304,979.183537189781,444.6179711552191,-854.7133264437083,1645.4516527137569,1449.6848830634765,882.479951099962,160.92254109085334,-88.93454908191991,-59.512396569355516,838.3604080944679,-245.1174293918024,890.5224455262137,100.6264475529652,-305.4188443157661,221.84964606843266,35.93853463944016,82.48387007240946,-738.4544181421226,910.9754772072237,307.5436968573298,-415.48169860547233,-697.4263320590181,322.4502617500355,30.337362211169946,100.71646837828078,-310.48988637760726,106.86334900412379,706.8881162028763,-944.0303475085824,-38.443237384884924,306.44037619181,220.86204840042433,-103.23576940558482,-180.79595982721537,-802.0983298552961,-308.2889795327638,141.74612297517447,-254.95864888670187
24_1_0_20170105000615467.jpg.chip.jpg,3248.7904204470037,1917.9769178963843,3330.097350623984,-370.04889661592284,-146.5958525660053,-324.3615050301148,236.08568872704802,132.07128366931607,-364.0471761865212,1582.7608844907643,-158.86210308252257,1564.944343794088,-11.302707447007608,1279.2625862862042,302.6801350379738,-144.02864174541028,87.00734818693917,-946.4330717699258,-336.84902916188497,609.250883301524,-233.1123511982872,321.8149595989934,265.18817484972277,551.6931752635264,523.4422306411799,-1054.8811745641206,406.90175895799985,538.2259616997502,1374.5575539914719,-257.62115180620003,-855.5800154158352,326.3265650968737,1073.5512297331297,482.06653509041405,-737.2633586854865,493.00935285029163,-145.08605061408542,-38.42151239839506,298.0253893804709,-623.8354935099278,-183.77911228713975,235.47770009947732,-325.4795830239413,-102.47391330100889,-735.7105069148607,550.2973663782528,686.6378307212808,25.79279958406198
24_1_0_20170105003235308.jpg.chip.jpg,-3928.41884808356,4370.311510509745,3423.60427159072,-1213.0766369331882,-3957.492205005128,-3375.5593140809588,-507.80639485149766,285.8617565920165,354.18431607345786,-2889.188103360497,-1345.0926373485738,-256.350866735619,2397.023782906992,-357.6535636271207,433.5206510110719,-812.2964394910208,-1280.9436923209473,751.5249549230907,320.4268299627995,-990.9934645641416,-66.48618627753413,697.6663924833201,-434.22811342575267,486.4094010572585,1191.6173004721181,-215.101005340301,766.8600335911368,1325.9915369955906,-130.0263957006194,857.6091251071952,-596.5913495332856,652.7740348310266,1114.6642433643049,-326.79372116667383,-933.1970346301442,-948.1635182739202,616.5158292966285,-555.4727173399577,145.95707535018482,768.7217031749958,-88.52974391269497,-62.26342180784206,509.8504225600404,-356.9146974927599,81.91265979606905,-446.9480683509257,25.58536448343075,-125.83796617904397
24_1_0_20170105162704533.jpg.chip.jpg,-2091.9286333326118,-423.16411042301473,-2305.8151572404727,2345.110720718269,786.5416788965709,1997.5573196479452,-835.667309091971,793.1203204738687,511.26734062308594,-819.6210978129712,409.8292438381225,693.8007134822961,377.3414518830768,533.7340532500735,299.33514449845984,621.4780028905913,820.4265925917038,421.98218285075234,393.5459956841007,-453.48754500126756,539.9794295664983,-82.50570559956103,482.2319962043291,3.6996146378623567,239.3308331851127,1142.1602909658334,-64.98411395013652,-279.6157865602925,112.28726260548102,477.5235658869127,-239.26000945746424,-117.77179985789193,506.64457541904835,-514.6238966161521,-717.9221771101099,174.98511409932846,654.1865238736779,-294.5981431813371,27.705023409952894,317.8920314827698,24.62438760080474,663.2318829266313,-221.87245543388727,-90.45934876980571,-61.57471329929875,110.4886610896506,182.86493277874933,213.21108970352896
24_1_0_20170105183445456.jpg.chip.jpg,-1435.6846853562517,-3235.2340660063187,-8613.444022368485,4058.5837909738043,-3208.0968958271665,-1954.695135906136,-1732.8528222805712,-945.1756373346494,1037.9811522693628,-1120.704918736221,721.0619016842452,1639.0484949068998,-544.2385809353128,1116.839580803262,-438.6667713467397,1367.239826256273,1322.1076994686032,-7.216076536631395,-1918.690595858492,399.09788306599734,727.2493277768909,-221.78823728109447,588.0013163437906,-130.5660613392487,-699.2912191068201,910.7265342845192,489.67642303156464,-83.2097948736619,705.1673089902827,-330.29613334028994,-190.98448723727523,250.43410665118594,-589.0273783805674,-533.9494162229515,-216.93555072098707,-448.45640012989384,-30.53803089380723,912.2855444584502,582.7256513300199,6.687638242300914,-305.16045927780345,-375.0971722878484,114.20743637869313,639.8094325467156,271.1771857321338,-458.42856116289227,-149.1328908046663,-102.43242869045525
24_1_0_20170105183618095.jpg.chip.jpg,5608.163500727098,-1042.6029169587246,577.958819847431,3248.317440631844,230.22626202447123,593.0699553400985,-2153.972450954923,725.2335772064893,1511.0890836953665,-1259.8575701215332,-450.8421617983986,-103.86125176169323,-1870.3597505417927,-1398.5798940629224,1161.2037999457727,697.8761463096861,74.67472735529684,1755.2868455642836,-806.4573996216175,-85.98628906338995,866.17294161178,577.7911838816722,-335.107809215937,95.83657688167291,-877.4862100958403,-1211.3061056651543,-711.4158193078619,-512.9808212710284,-660.8437949716,-167.2714269839197,111.01523260671271,601.8989834491724,902.5591858090964,190.09595274298863,648.0723318989486,270.05261221596567,251.4596845460591,18.751376818989232,48.72801701548081,-458.598194019944,-219.36761926669126,183.93197184713435,-200.33104031159505,109.93983531929527,-0.46541397225981923,-181.8214551901967,216.68866121649972,17.792752304806495
24_1_0_20170105183641479.jpg.chip.jpg,4742.813694369912,7792.682312984875,1726.505080701442,-3061.7936630772265,1048.8767813468532,-53.22873240275192,-83.5384341262475,962.099936445181,865.041711968671,-77.18775648985238,208.64075745599615,173.32263755509686,750.0854758833214,-307.6567644253197,-1774.246658773607,1083.9506801700911,-470.6509617528035,-724.9678204705415,1249.5429511199868,-317.2427321807473,205.49692857034103,-885.5015524456809,127.15708265720117,287.2918065299719,20.40947772593822,-959.2573350622005,161.6847548248004,134.4542327869975,-1169.6547846928436,-322.93180125193845,838.5433045373516,297.9095468708585,-852.07759096447,574.9622732608857,94.70156173144393,4.255291972692291,87.85374734463774,31.70006721825269,-502.99713983756254,-306.70551824449325,-330.7207375531409,-98.65728885824623,222.4361388597197,137.20028001278763,211.62332849319924,-669.6398293921941,457.7531586030208,-352.82847446586663
24_1_0_20170105183749799.jpg.chip.jpg,-1275.1010166963251,4323.865955642524,618.6268550851414,5164.648688443506,-1440.28047819537,1457.9718680192948,-1980.322018400928,-2724.0978734635373,1984.0563212457278,804.971309788699,1314.2009718294698,-311.67661268736134,1766.1751012110637,1770.358085409564,-916.5147262283203,-903.3313837042494,1292.718275622186,226.97721626332566,-346.2420654168913,107.49566907076422,1397.1063804945238,-104.68831219255877,202.3898856092617,-675.1753214915248,-238.87288515134009,1059.0318659462282,-168.42248740025738,26.707490981052054,18.442123268065227,1206.38546234985,-111.96939990694341,-283.64687701592743,365.44367245571436,470.384299156263,251.07481763163577,-757.0553822356815,279.5841129074751,527.4067844139636,719.7718933639882,486.42610034439423,454.4198179918054,-206.9416166774327,-283.6341804615596,-312.88317365061505,-374.2135325515044,72.20248936950503,245.15330006732069,189.7869727551605
24_1_0_20170105183859832.jpg.chip.jpg,-1780.5154571155722,-271.404156737845,1725.5220857422657,2205.098067294162,1678.4135163302185,1020.0895838888854,796.5654470105246,-449.39095549844353,-268.9359798625451,-1589.6893319018573,-477.338107654744,-379.27604014349384,-431.9235965912223,283.114253514855,256.06254117126724,694.8614739072809,1062.1743922819785,354.7253383105004,970.2132788377139,94.75792276109335,308.7277554666007,-63.89219235605277,-612.7147874943722,159.83939279864816,-363.6308665736517,223.25290191191098,1121.067761551792,-290.363123088206,-64.04665258545369,248.881696820026,-7.111628056549774,-680.2300004233946,-147.16580595410275,-4.825542490896129,-520.9300742529291,834.3058633384367,410.0396166466078,-83.08342573533392,377.77112911140546,195.59773611725007,-405.53323782477725,198.9726652148221,-211.72751102010554,365.49659735588364,-811.7987365541268,271.62809961194455,-108.86220831751511,180.97997071619935
24_1_0_20170108225915369.jpg.chip.jpg,-2382.041674110844,-2140.1438054509417,-2840.920805116074,859.1428223071016,645.9707885257958,3768.842084964059,1624.5765739391259,-572.0912127572543,50.07195338516219,-418.15819642021415,-558.2085324943891,405.01846598472713,774.4033538781401,880.0885435155235,-151.1919360450344,20.12915928494387,50.901171469765195,-355.0429163573398,-589.9111324363855,227.8721472477701,-235.3874645511168,-1248.6642535539938,47.07901634452081,441.9390500099652,-67.09454856541825,968.3838018759897,923.1733503381001,389.2083595679072,-490.51942797177173,-277.2127124405786,230.74139922676,-244.30915262114343,736.0559965930951,-537.4780709779569,22.341788619200802,422.67117455949614,65.88034734037382,-349.64361211929605,-85.14893499468828,101.00639801349902,329.2409560976744,133.56996032975542,-463.8187690337683,-187.5683889672178,123.09860346227397,-24.92095577740802,5.524347403444051,594.6326993190429
24_1_0_20170109132509565.jpg.chip.jpg,6533.772121266253,-408.0647604696142,-5333.609148822529,-1953.9081920958765,-1274.7469707733019,25.88792907973073,704.0201322664866,2034.7859998977829,-1137.7763861764747,663.4809393786371,-902.8234120480074,-1171.7386817775755,-1077.6343493806196,896.3431562882066,30.241286054213692,112.35830500869739,443.58963462453295,-1056.229789010735,625.4152662540629,106.9980680575067,-607.5199727363537,-261.4946756784528,257.0611361401558,-299.90181701407914,278.2758483605437,13.148693358632725,452.971025388292,486.6137451538527,-8.118132955623876,-134.78357047075437,469.19097292317986,242.81859355501857,-199.83203474157767,-4.3636586090589935,247.90642486707867,-224.41010932366828,22.083722390079714,-179.52945757354715,702.5851093635615,159.9684015177581,-307.178122196294,-227.97254061635175,-41.376866614269076,259.2785454733621,102.11139028391757,178.35568198625123,-579.8858067239438,-29.109267989731368
24_1_0_20170111182452767.jpg.chip.jpg,-3582.5810831729364,-3777.7746833321958,-1989.2044514916688,-146.40500952871488,-218.98278599479048,-83.65431551201081,739.9754898894444,674.9522803160928,117.20393530999075,811.5879131458505,-418.0596530041257,-2.9778176080154215,1047.2520938502864,79.73544004308677,-283.4419520987799,-956.5002843761845,-362.53121346766187,-745.1604676938682,612.4674156569915,1326.3426376018226,615.5052977321201,116.5400871308671,247.4149673977286,380.0682337212442,632.4283652838459,192.67831594987953,-45.36460921107668,-449.5939716177023,211.5846173433773,-358.4400936188832,746.7837429861991,228.93682297941382,-1033.0307197149232,-105.38602848355706,-584.9155567229919,-264.4214817763412,251.7327070778681,-329.93005647374486,50.27131666878922,-270.2587902310058,373.574173157443,-307.7253243283577,-249.02504963038803,282.26446655575336,45.963852108397596,-797.1757873217826,477.34427540800874,22.726282962815226
24_1_0_20170111182452774.jpg.chip.jpg,1444.0946406552273,1448.1884319850274,279.9147985145618,2786.806215744943,1971.418945893896,1483.36368267748,-857.512036981147,640.3861969428336,-1171.9537150825554,1236.0109470258728,815.7015440080767,-103.02107693205161,1109.3971756240414,-331.1733325428583,562.1835038166477,607.8712953567026,-90.86078257705368,-256.3000537203314,216.11501177793764,721.9629333803998,-408.1003378459339,677.6054164221465,-514.8923750212185,437.4324996658788,448.19705388721854,15.28112082251357,-15.242852273208937,156.87597443190384,-584.2326051261781,308.7504293528104,-202.55211454331442,-617.441405638608,-226.34979476405545,-180.8377324560554,173.6602091781855,-250.09859443315943,-88.28015199692761,-82.01639455651085,-608.1143119590481,107.18448852402915,280.9461947119731,247.91446675169215,344.6180865921764,273.2250796829157,25.68174337978826,50.484047256131035,-258.5446625157241,-225.10183163510678
24_1_0_20170112204907819.jpg.chip.jpg,-6168.220188716834,324.8404676493338,-6007.43273281391,-3785.3497731740513,2260.4124134519734,-555.8303229012655,-1799.305566193457,-1733.2174886720263,831.8769137228852,175.86982424560534,-809.3131113198465,446.37928342408554,-622.1788102563315,-1641.0145496681093,394.6480538325565,-194.35806036529593,-671.7533505385662,376.56542225422214,1295.5915263744753,-614.6158451974619,-89.85978895332738,-258.1882933272864,-687.9695952314589,-258.36599850872,-179.65159814703856,-193.65433757213742,43.03632417720105,-1146.3998670639521,1217.280780641982,-202.26292701007682,-124.82476350105442,-662.7882398307872,-396.4918817974443,-490.1023289908761,44.87135543110089,817.3522903778422,342.1276909114573,-1072.1320469660482,368.1114768583757,-201.81036148272068,394.40627594746354,-790.4489125178,-395.67120853135174,179.0052046938401,-466.92235243152663,-108.35905131009909,-383.0492781784094,203.199473193249
24_1_0_20170112234608449.jpg.chip.jpg,228.62972712501988,-3514.6121982004865,-302.390704702244,-4045.6685460861745,1216.3110865654178,-453.94721836888374,-2136.9239961254684,-4468.514356084309,1039.316199900039,130.3410086271467,-881.566790283485,-412.3855037998828,2366.9203770996764,84.99911608740204,2677.1773162534664,2966.7233774522824,-1623.2377607741143,1264.0994488827735,335.4233816396515,-950.1179801273802,383.5699796266862,-310.33666440446666,86.27357029334544,-605.0449246250059,-702.8808301821439,1255.2305712982693,62.26852445656726,-1696.3698741937355,-494.0081247317275,131.48817465849635,266.5005461333328,1150.5846489693176,-2627.9574820017187,48.79625034381112,558.0552836715344,-372.538240212183,1113.0189376812968,790.0512793844554,-1619.0575551251097,-363.9894918845781,-213.778328848017,857.5758740101082,1288.8867193335975,-719.502231287774,-781.8587534312978,943.3922420328659,806.5956433859469,714.8055523529307
24_1_0_20170112234658946.jpg.chip.jpg,-6457.434724905039,4187.367111492551,-460.3049777095856,363.00406764907103,-2121.9255851435696,159.03054383133716,1398.6617271777409,-2028.8216131180316,215.2356748818375,-3240.0731623040574,-3492.123868543947,-550.9798731914242,32.491905538082506,479.2887282686264,727.9541646707867,-961.5629104356202,-49.21315976094295,-1380.4382479945182,298.7383764396563,-54.8755092826224,1401.9572371334991,629.692865928997,-1070.579304239733,121.8396739587439,-1336.0686855002004,-995.4523956013361,48.08398931958066,-684.2874013395348,590.1497485076284,951.2019917816697,240.09055172784232,-462.2134960365149,248.07230097305205,-138.8682388934515,37.3887211544705,157.21453022408932,-170.38860607836318,-833.3975873171178,460.40786425197234,915.0150002578252,-336.8679218175165,486.8145749732053,7.838990598816337,-196.35813346695798,798.8461115982828,48.85162906229452,119.35959985782331,541.6032518994871
24_1_0_20170116000527997.jpg.chip.jpg,-11312.31776539353,4716.600862477057,-7377.549524421813,1168.844961435967,1801.9219710575203,-928.6487119856985,1592.788332576523,1303.3496157051998,-465.321165082582,-283.60098670847566,-1078.6071403691828,519.9369926807985,830.2447915068307,244.77914111306012,-1298.0404697788688,1030.913040348393,-96.86579186167255,-228.48470652085973,-1438.1696011570693,-239.30446388890343,-70.68308463976074,-147.78572728538967,41.42291089535908,258.94685880252086,279.89709010139245,-702.829558848208,-230.73725568323786,-242.99086465422923,8.63625381200188,45.78714797156143,-541.8952447283875,-450.02623146342233,-605.280328989634,-80.15183157281999,-347.1187394702893,-244.57358141251075,-377.1404733472694,-139.30825778550326,-279.4479724306276,-382.0739954131956,302.0019663905163,-216.78846315065093,170.7321517262518,-200.6515811843952,495.65952289405845,-19.97434999149879,277.44628242424255,-111.04997368811338
24_1_0_20170116172723427.jpg.chip.jpg,-675.4817716656008,1853.1178780867624,1023.0099327150654,-1872.3605871046184,-593.4911735227337,-1524.4774262332385,736.0011307902745,2359.680121978237,-914.5744946083283,1337.4453092770182,-1461.1204384490336,-263.194244429045,-425.603061078808,-70.36627463250356,2229.707243514874,490.1829856846012,291.26401339159753,-520.7433554441415,-428.495366996523,-287.69683849721326,42.40218433118029,58.11151032160825,-475.83200897820177,1735.6220472578327,-894.3321475438332,-446.0669566774168,-134.31397901435113,108.14419440001603,110.64882437063005,692.1696427815922,634.1210815984618,-871.0197671726642,10.457879703958866,508.47877777969103,-725.2705770614255,-520.2083622420384,-241.91033820311995,1279.246405682511,-431.5338744499095,-1081.0831547756095,-237.66004547191562,23.358009621096777,-514.5448976172171,326.37622650705794,844.5683414147197,-271.32539757143326,-860.2640254350571,-292.3447167075405
24_1_0_20170116174738833.jpg.chip.jpg,-5733.054621110501,-6489.137857588104,1822.2875569932664,-74.25788220468137,633.2994642137594,2489.9760547385345,-334.3377421727741,445.10974753351707,-1391.1058424809728,-894.4487623261033,1044.2044287080664,238.81345791803903,289.9299895245407,-566.6099336902143,-539.0138092782998,711.2339927543237,339.5634351498338,-1684.9586697848804,524.9401295579779,525.986043577675,1139.2974658820713,-110.09142608820015,-198.0454509127052,-554.652889429414,-637.1707181362655,-307.22318311485924,462.46892087705777,616.0024959864642,-1336.802087363667,812.0992571747039,-52.25926802834702,282.5773377244347,262.3336902293266,-220.54034441244983,645.5610538307257,139.4651650883683,212.67177714832664,57.57839743754674,1128.5787217181487,706.8199910022895,132.32192235057764,-15.268898019949456,-202.0681212671133,1250.734145264735,-306.28806195122365,350.43571364033255,731.1342152233154,507.86823562956863
24_1_0_20170116205900085.jpg.chip.jpg,4190.884749127286,-1179.5909813617702,6089.8840171353795,743.3305397455515,2315.2334293373547,763.8864351175299,1726.007586268002,-692.4758035503439,-107.74497423008135,-2875.574489400296,-2840.7500857401756,1936.3804870772274,-119.99744313800295,-454.6015434174356,-419.2715478244195,-555.7896567641678,389.1864795302967,161.29830874065198,-928.5660834479178,403.0088790113056,-885.5246278793666,-1341.142541026255,1337.9240196491394,-1237.3608988790752,403.6024218725378,974.8795817862106,178.15906434630548,-298.8807939516288,-807.2366611541654,-337.5757949579589,-693.7815094008749,-436.2342318024681,-679.1704438541522,161.49051709481324,-657.9468759974561,-1784.8165268009732,75.44965999061547,-270.56762433485534,599.5777457366164,-635.3348911426591,927.121620654642,13.298087667538178,224.146743164889,116.17789302336344,-229.8822238892363,371.50568310379333,-502.41714232202986,-419.07602589105767
24_1_0_20170116205903763.jpg.chip.jpg,773.4747680510565,3673.92230710359,1924.1815496309353,2437.2553908804334,1316.7048465030255,2452.8123596457585,98.025929094649,-461.2896891945882,-1272.2835223289078,1.3274230146612855,825.98291013245,-1326.3795177151,-1099.0972080573533,355.1504126481777,150.03579769188244,1142.4504222526075,-149.09272280039758,-180.7796007932709,474.98621326428963,345.58311218284524,224.65186901224172,633.9665893203636,-475.347299476132,284.6028110079365,672.4999189216277,-536.4323975911535,-649.9681951604786,-148.40407102074008,-692.7078736091743,205.06923129849656,105.3382711771195,-655.7456980738735,-532.0500941862575,893.3219498389374,219.1061549960789,-319.4537622536316,-318.6937959812825,-270.439411965325,-529.571894397174,-89.57593904308288,1045.8535553648107,-579.7514217810459,-360.23894517989544,-41.50528063350791,591.632099461633,101.7089258028115,326.004279734368,256.4729885965023
24_1_0_20170116214212261.jpg.chip.jpg,1925.4058899454449,5024.966227966081,-4545.953867134531,4424.205930316099,-493.7790934203232,-929.5556621629771,654.3441217320598,-1481.144323766965,-568.0784210634758,-357.62031108776534,327.14781340657333,-15.64972589472223,813.1318809089296,-783.330426051233,-125.44597619596597,-252.41598865068008,-407.88134735812355,403.0011405615759,351.0121103858899,1416.2052205433731,-554.3739429801223,329.2866101293122,-1144.5755230898637,-587.4012783658233,-342.9842343733752,-534.6077817052465,-89.32644828165535,63.374018006681574,-1063.2428797833636,-756.2826399473818,-675.5883867365378,598.9058942987332,-408.6154380415979,-1015.4724322390723,37.96801056933667,128.59133618058283,-137.24296394115848,-193.25545383114977,389.3414782294759,-627.0278600083418,-275.01787338167594,-135.4775826916763,-0.2913010400848856,-314.98984768728064,454.8665507873214,69.70953383275024,-169.73502652326795,633.9295273105118
24_1_0_20170116214235749.jpg.chip.jpg,-11859.233962320248,-1969.9299769703234,-1868.3857708709347,-1456.0280044979077,468.9662195420124,919.0953406356545,1548.9757612971991,-645.8681906645737,-621.2665993355344,-2120.773413293227,-1108.1095783086816,-1234.025213376815,-268.260856096035,409.5769731187581,490.37527339050797,1707.7203172124296,-283.8701283448042,-680.8917418237414,214.43434517935563,1189.2232338115655,-5.431229426417387,1219.0157289579038,1513.2005969585177,-234.28220045426997,-1279.7650904036373,789.6026951065065,-299.10243088902865,-309.5577519887207,148.65964312541465,-52.39215662926592,70.1808810314224,476.520391758529,390.40551370268514,-267.2802078594668,620.903628073652,167.7451559564541,-159.56159469564312,402.6941603930266,56.13502897409366,398.84329398267334,371.2763055841787,-221.00257629622465,149.2368364805494,56.43140692763926,259.5470402789038,113.4959256771796,-251.9746589071151,-12.478196026562191
24_1_0_20170116214311227.jpg.chip.jpg,9040.484548626464,-7189.660832471055,2017.413776723902,284.1990386029285,-5394.714669882466,3236.1277175189393,2616.1102785483904,-1606.9985679979304,-495.85189513316595,-1707.0665693052686,2709.2119456067226,-2381.113403822307,173.56496227702115,834.3421189912369,1059.2923656248738,2785.9375864123745,262.2604298216353,105.69269995491486,-2197.8939153618326,-2134.321026407613,-1634.8496390217472,126.26021611741614,353.3660166142186,1332.4631806764955,539.8093434759191,-2031.546362517273,219.37923291275905,-427.60313208753576,803.2961413193275,915.4332567661346,-707.0396751923021,-37.49571222015033,-1395.6515438753158,-447.15895290945025,-790.9793635906748,1000.4797334475198,338.5677444642083,-583.8237876529209,-1089.4795382898033,-500.10064716341896,-469.3011926521903,-709.6739812795386,-6.560442901478155,462.93942118567435,576.5291229481662,348.8431788858899,463.8163818807317,209.6505303572346
24_1_0_20170116214453175.jpg.chip.jpg,760.2979857720229,-400.4669455981393,9929.491213849094,-302.37143252585213,-633.4935238777064,-513.6848109887911,-53.63537388937285,-657.6695709953229,-1348.5982032732827,1947.45357196879,-457.93728614715434,980.1481011307699,-526.1843232799068,-41.66826531715411,1202.500313761431,-232.69469948425478,1342.1702363107045,-1126.5916018645046,-1290.2064337338961,-457.9691126907536,-1165.835368774151,-389.7521142064062,651.7468953722204,965.523455401912,1472.6898426167172,-85.61823198521144,-1107.3521585363653,-1026.9394236746984,114.00396405983123,-80.75023936552539,857.7927178983975,796.5625769237986,-48.64744977423122,-149.4347399537463,-196.46631861288074,-103.09666665499851,-330.685136299774,187.37754487364975,-243.86185615178758,-107.56374205862417,-237.03996931613153,-301.50466329127767,730.8776371841989,172.3136815293426,450.2461947275238,-984.154497140085,-481.0195939848535,544.5130558804362
24_1_0_20170116214532199.jpg.chip.jpg,-604.5648537757279,6049.863483357025,6208.116847830994,-2775.076584022666,-2197.5627505513953,-2869.914111792115,-2431.885618546785,1429.9592734381895,-1218.7206664362243,853.4124413367456,-362.98586451067297,-1014.5605450490963,709.9066404334159,-590.5128037211722,-350.8052821366624,450.48173206776175,789.7720541179183,-280.38787074293367,-838.4223061868848,-151.9682333683126,-813.4859741610765,-2580.370520795061,233.55819282363092,548.6219666050154,-1758.2679209458752,2169.199148592988,-99.18342084003538,-287.608100012025,938.0983912133003,77.9340217418468,-111.7097515723712,-1262.4380351312627,-410.25471826445715,-184.18649124098414,-304.54333112029656,115.77249992122053,-1233.3197790429087,805.8244705494731,-168.5896693795172,-351.24511742542364,-345.03559138979654,-402.7104808575875,-30.138223208294175,334.9968539471512,-1074.5355019935935,691.2367691133725,491.5768495765313,-275.6571043716332
24_1_0_20170116215632635.jpg.chip.jpg,4486.518669682032,-606.7884284563032,73.34435886897543,-820.1022714057616,2198.055050141201,-1797.7752856481986,-108.13059909944249,691.1396451993072,1489.9015041088476,-681.7166186304239,-16.742478599420263,-599.1757571745775,-584.2411505292986,1264.7471043074468,-1166.8126978670991,445.3243402383223,919.2580487911843,-334.1072378249695,545.4223472418292,361.6897045723718,734.1315130849496,-341.9069579127272,335.28643330271245,1008.7590482786516,500.1669031357835,-333.02964953231753,-344.5030765548596,-15.438269740158843,-12.96138925156199,-159.45102340309208,-35.8090860029647,178.84154512931937,-7.837520977425771,115.67112374594598,-129.2640538181139,-668.0685443074876,274.015549098135,-4.48983209546986,481.3356214910066,-152.34981572430007,24.166177594225086,-371.2188663774913,673.2491867295412,563.0915503618997,-261.17165253732725,541.702006916323,-703.2619741360116,575.8213635167356
24_1_0_20170116215712426.jpg.chip.jpg,-3800.4275450879995,1650.2704277812445,-1490.7465100292447,-564.7894222187477,3316.5634320042336,-160.87643670556514,143.66252884879412,1025.9514506714365,682.7030749554317,-161.00764411117856,1717.2144117479672,840.3659146804164,-621.3343901350803,-928.9839017028199,-1094.5785917709188,-157.46747219131169,385.4264336439102,-441.21875913532745,-725.095697285389,55.546185174935346,26.34017250120299,-51.32261084144225,400.63107955476784,365.125692737613,-50.33935757194754,428.93455863195834,343.8697170211556,-107.28853266587134,-515.8938053707253,261.2194835955045,514.209229818609,311.89053348316116,-674.2129486609899,1786.0138020050513,895.4067601021769,489.2065425532347,661.3871254249475,-294.3334425677836,98.30205032358667,302.06342474362714,-308.9582490866189,-569.1128680551963,369.91089825354163,-432.6523916920591,95.03249723837278,718.6636071304763,219.5406680034527,412.1578113532761
24_1_0_20170116220128735.jpg.chip.jpg,7974.249007251457,4204.7129918606115,-1330.9386755786452,2658.0112952839063,-942.8539122017564,3908.530985996156,3112.2715960437745,-2006.5539060723206,1036.7122796914498,-1736.059974762686,-1616.6435868463186,-44.1696207222208,-783.678372204493,1149.0681561807294,-153.28723306710228,190.88420641795142,405.4693279492412,886.607545517973,119.31892157066223,-78.24857516430404,-1188.7206166762287,-410.99764827860025,-347.3672658837475,236.88768600036144,-1108.4456279279245,776.9176781398664,1084.690773596966,5.896850317045794,-377.271260838056,-160.07079631593382,281.2252059408504,901.2837369597444,-95.59881719043278,84.89329602287634,231.59530834474137,548.9057321114851,-55.76154184228761,-776.4238899523526,-108.45455406000474,-355.1338360114792,488.64981408884034,620.0826251380391,-273.6348037493077,-280.7152474394512,-280.4966696018522,819.5892504000965,-239.65673071058615,-221.42466207298853
24_1_0_20170116222429652.jpg.chip.jpg,12145.034859700905,-334.8427872858918,-1469.4394107045748,2188.723604277816,1126.0187209186836,-5710.019318074791,1378.4128440696377,67.8163714459836,-1145.0105773322366,-1215.7636687248662,1933.5816958971236,-799.5396452390279,474.28759237039196,-1501.1223377892914,693.1970805982749,484.7514780214293,574.8564738174631,-667.5725994433594,566.0679853993363,961.5024683618301,852.1162061745501,1425.222810027731,242.09055759065717,-330.8129532952456,-630.249137462489,1063.1900961687556,1013.6081286632617,-944.4460027028882,-1061.607531940321,-898.8214139604759,-891.7654034982651,-200.1271964014535,763.3987292329458,-1001.9568528646664,-95.59143817144233,482.42589234663836,339.92604949494364,63.36959589553559,-7.850111919375986,184.94935237574194,-814.8890834292234,1088.5527466787578,-627.7156556282232,-1121.585352913253,1013.4142767022257,679.2942476210592,-250.85277875713655,488.67369682418774
24_1_0_20170116222618238.jpg.chip.jpg,1601.6521167257313,5573.560377251666,-975.253177036063,-4138.496293155085,3654.9174931840234,-2450.423366875836,575.8419269457164,-590.8956741039525,-9.619326536158782,-825.5502457621847,1353.5460321326425,-631.3761432168995,355.73682494394177,-244.4420583640596,363.9826677905282,760.5116536458224,-870.0902617848765,-740.7148607312532,-1806.7406161762972,-278.92458329757653,-1308.8643290553837,219.9045138988289,-32.70406464691739,-24.210542150936558,-203.01118409160648,798.3631270121194,-1166.4334590592878,317.00604856040934,155.7805461759633,594.5129215116114,798.2966535739043,754.304681898923,-199.72510810027325,-151.1690651936855,218.1691491877882,149.23665762175906,1172.7020689708356,-403.09779915721117,1104.0646871480562,-434.1979229094434,-153.74134276036162,-463.91620059204746,-258.449253732222,490.2872772960715,192.37475887372895,216.68921559733008,685.3652727792545,-345.580484472134
24_1_0_20170116222857892.jpg.chip.jpg,719.270513240313,8203.219802088013,-1558.0347702758975,-955.242193558275,6170.963575502082,-515.1162030377717,-1808.5153004453375,-4408.954661050367,-1237.3349287574813,-394.2520104559446,2305.679455279272,-1030.6422002901115,231.97275023884453,-2128.4731592344583,-1462.5703306036608,1011.290989959778,1528.5403653727828,-101.53142959268784,1533.2870150992899,-103.38952678095588,157.0555539620824,2053.040812217928,360.0040661103273,191.5871728030384,-265.6089747341538,203.10566021642313,-1541.1008698106275,567.0300113723787,-583.1781387396328,-538.7352642100971,-587.1459206951896,102.30385410885106,-738.6116072495407,-116.17825115303076,-373.5415083804408,-76.31480825365682,182.82957370351778,-613.1076868892695,372.4804161428261,-86.25144032411777,1183.7378885826492,562.7595867652356,67.54671698521011,1007.0307936703166,490.0126629256843,-4.059997669845857,-1177.1475672032852,-851.0748986663995
24_1_0_20170116225049260.jpg.chip.jpg,473.19224424703606,6710.414698979451,819.6941106836048,1067.1867590941572,-3046.2969357976594,4426.462583214232,-280.32181056482267,-124.52226078844866,-149.71863825347202,196.83414464076648,499.76549262626935,-1809.6871931818862,-824.3042657332416,489.5985470468208,1189.2557598108172,-984.3824907064919,-63.61552095897455,452.58027782811115,1485.1755577617075,175.96318656711767,-431.6707467473361,-242.7474454980253,-633.2422701333434,-1653.871225724202,513.0091082775587,1178.7189204441802,-329.9540098546539,-1420.22618563151,138.19875224103959,435.8291670760419,-80.55545128509713,-860.8157541597117,606.6933553081998,-502.059781444943,159.85897799219435,536.2130972058974,205.93700329026834,7.684949975839799,-335.24806222396455,-813.9348649708562,-599.7329265393928,-14.316895274946267,416.6258881156773,356.124645818449,-438.1111515010606,979.2936855756257,-126.0621592050937,-59.537818926861654
24_1_0_20170117120938226.jpg.chip.jpg,-2322.8769881814183,-2342.190040499619,3563.7283130764254,2987.661439927868,95.22286293458517,-422.77680011110647,2599.030828815685,-1832.4375138567812,1140.0536264093046,1258.113290131073,-55.36499185104141,-1186.3037588770674,-403.1086202801503,1074.1511696754417,-1891.955955557977,-427.073326967779,-231.81126773283435,347.8675673284347,1784.7506325156753,268.40804134396274,-228.4984195678576,1256.0420028474425,-695.6911669997812,1268.9678949229888,404.4771536672256,785.6706022962102,-1255.1188819221798,211.69673571149144,133.58665772205092,93.42407476472063,503.28320772078126,-184.21554431480595,276.0663431508043,-524.3474878140643,-269.66234302608973,207.33755613787065,-532.1977865106686,-696.4287230468465,595.2544643600212,-446.1175916281856,101.28402286401044,-1095.940021805121,472.4512827295169,123.01457354728265,21.107062060236384,273.1130310988072,90.01382768924726,-336.9750402907192
24_1_0_20170117150414570.jpg.chip.jpg,-1388.3871035125708,-1763.1195357885276,2148.695439463252,651.4047150438778,4025.9951227124143,1038.2989552444371,-2342.53898704738,1173.4772508006777,-597.7440627441482,-2076.5676579879,-1465.0814118441185,-979.2158289185915,1873.1328746984386,-709.1976531345339,149.01222933786786,-108.64929134742576,58.18028950454435,97.92505568195197,-187.44588425020993,41.869203942141496,1561.5062200471107,85.47319601876853,-865.276973990876,605.9198174899865,548.3641654901559,-534.442627529397,109.90831793075621,-181.46646058763818,100.08063683646341,216.47916233974215,-250.66460229838995,-421.37151832851475,468.8224861055273,6.3458146142841745,274.4649240176038,183.87446887982753,778.6581871190378,-50.4213827949799,-82.70499057355718,309.71390228312345,294.061735107983,-735.5704537900978,530.7288866762966,700.9552059710779,-6.517343115406688,-701.013252799297,-27.147595259297958,507.9672646159087
24_1_0_20170117150424339.jpg.chip.jpg,-2525.938179577778,5053.390087487025,2422.0382969748694,-4670.687324345621,-1231.4047427764667,-1563.2642039833856,-2334.2285217897593,2483.054636507647,185.54582058458263,-2955.7851013326567,-1688.5388100321031,-777.3509271871878,2446.618704910441,-193.09916521301668,-1683.3321636819776,-983.0332316711894,-433.46741757133395,-2045.4185392616494,-197.77969186574362,461.55639659753894,-533.928863220806,-93.27018936054947,350.96155826870717,-1254.2633769994995,-71.40619119391367,-335.0871936435977,-160.55670061877592,270.21929786236313,184.48769306521461,-945.9251393038703,88.03355875382303,269.96297926359625,-810.6400492305087,-318.1687171534585,-138.79726350593006,1760.7823172883109,699.3495041609217,-583.6219931599638,-195.34799535556868,484.4471423672226,-393.9634598693109,133.2174916813309,151.83974964578906,244.1926600765326,-258.9848436353049,-513.5508118091487,412.06977594740476,123.62554505697351
24_1_0_20170117150538420.jpg.chip.jpg,-7388.826965715686,4091.2592345809176,512.2454201394613,-1573.8862561136316,462.69268162595984,-2071.114923378427,1832.7001407700764,-838.4121834968865,98.21419232205616,-514.1707886156936,-322.16773319918775,787.0184095583048,-1537.67338210604,971.7271769756652,898.4447049518269,275.541441416871,-290.946581991073,-1336.921181385838,-129.03927244887763,5.074462364041757,153.54861462984397,675.1807957487537,-292.40956625742746,-880.6863335357887,-23.214132588028097,645.4895102421501,-286.4640139311886,-719.0438321414788,-348.86911267432606,366.6141088204109,-18.980829237987912,-234.89363711609752,-1094.4343637350657,158.20721906524645,160.43895439655694,-11.200911706970489,-738.0628853239151,374.4091050141774,288.6267011947712,-158.47941440395078,-298.15102289732755,-222.45200733810995,304.60129489532625,-423.91337132600063,291.99933678146294,407.59421768473885,-795.1955345624104,-277.03420618618225
24_1_0_20170117150813388.jpg.chip.jpg,-6126.562251532595,-1706.306024393267,-1729.9749900987788,-1896.853244734708,-208.4275919574521,461.85245130289104,-1353.5405107222152,-1225.415561099262,418.6818887086398,-470.6465294397799,167.09253856123487,-76.88929500584095,-2770.400212021457,-398.66973177310166,1019.4363822050067,-2239.8992976652717,417.8859379087319,857.8409781505644,576.1375500578055,-11.686028055349592,-14.180658338657652,-508.8887321424974,842.3698077354582,-163.08465684983076,871.1623225109277,-542.5064261866676,112.40293285574676,818.4479476604464,762.1750463217164,-469.4466125631348,-698.4675819700494,-1078.115373022855,348.8140380949501,-456.94111697747485,-276.0220705903034,-307.8251217201118,-65.30915967900775,937.8192559377004,-1529.5832267933963,1395.3706292993938,-546.1528469243278,134.60189005044052,690.6930154954972,-234.92416607299467,-322.3410985073904,649.6509820828584,-58.31362245378442,27.835845230735384
24_1_0_20170117150815148.jpg.chip.jpg,4947.201750193633,637.163049787197,-2925.3128814063316,-333.09644760404024,262.926295014809,-1880.0364526253386,1116.2967156192706,1083.5171958459866,253.2638866142231,279.17413876952065,21.717450857028364,-1155.1426091960323,486.9690111819857,1223.2952614813078,455.5555522545435,-289.55190822321737,381.46748072331127,-157.73035257051916,1052.1775322827098,-107.31644171642195,430.3788983502022,193.74655439765178,-119.96528501032016,-85.75573347520742,-105.05711586185389,841.6343437292696,-356.34517058900263,964.5555214459406,100.53969021824044,-389.00834839699496,-324.6849512107221,-760.3308811017505,336.6656561199629,150.00439187920406,119.60943097091028,560.9436692574752,472.83022573701004,10.847206417807627,-490.5159474390893,-125.71071561541265,-76.9198565172434,-277.51701698711435,-414.13915681885175,17.41634287076066,209.4066309227223,93.18440710097951,260.8406697872427,21.36514662465554
24_1_0_20170117150817978.jpg.chip.jpg,-6282.830799627417,1194.6995761153437,3018.240707071227,-138.06398354579719,-4465.259231803555,-1534.151536431741,1329.4347595178626,745.8672676853519,-266.7158096237371,-2855.3674102737714,-15.608666378802226,-611.5306477356564,-57.927205501306425,-350.98329008869234,2171.729289727879,-1053.6411601261634,-396.7504045372087,-408.74645748250106,125.81633610769931,863.5788497466858,-1958.1846361008024,-86.70813192034736,-30.847369502046554,357.8222523050718,-482.63197357678297,-424.8504664517564,-88.46424863480445,793.1894797092496,-1155.2681311907068,-846.6452914023836,433.62943618742037,-665.2241382107239,453.66737460203166,738.7315932813655,-275.83897259302137,558.7802494990851,-100.83578185984628,117.75832706059035,569.4592740195822,700.5613448141086,-531.0407510807308,288.75739270325045,201.56325108612123,20.421006354009695,36.789324468213636,295.208051294651,-1398.2696435643957,-119.43959062440577
24_1_0_20170117150848786.jpg.chip.jpg,-4821.635221518496,-1157.3972332340372,3252.6329588092285,-4255.578733856722,2341.8992491963313,-479.34624728615853,-3465.125575074248,-2809.693467317541,2431.126857312963,2111.8697519172338,-1961.0243323894997,589.5822132369817,2455.919963319223,1534.4873616437692,-142.84387222387792,-388.44161405470993,118.28362917625557,1486.595184645819,170.47608298079686,976.8134870717546,-1566.3099471413884,1411.2470658022019,560.310616907413,-26.763144692725454,757.6234618679216,321.78280927020904,-60.36063499725257,-96.87425475526689,165.8427011514183,1061.8803842754899,1006.0006334369957,70.3333965708122,693.502168043792,-787.8645785080482,630.5708390460694,541.6307417609378,44.71941264808821,742.1186505161597,71.87857611094451,-725.2143748295341,-1142.407888934217,25.603430190024245,-223.00139865943953,-244.24553190564768,449.01382086290124,800.2105274872594,-446.04661987907286,-362.4341442727197
24_1_0_20170117150853517.jpg.chip.jpg,-5633.1927612093905,1805.9782025421712,-3800.0305570589508,-826.149021761367,-2403.8020275013228,-703.4179872975124,93.8931891181911,982.1653988413038,627.7289652661582,-918.5624194393835,-712.3262005496226,-887.342006956279,-826.8251890660734,-983.044155472775,-159.66605994074752,-1300.7794927776436,-1310.5009326403922,523.422412093588,1020.5353863804099,698.8124387731285,-518.8631199745471,-213.46703089220404,-1225.7281351619304,153.48442177798015,19.786577655862363,40.71725589588815,406.6541323297653,-809.0958916534922,616.2009988170513,14.170419436630924,-697.2346841480012,-344.1219671021925,-103.99831271282136,789.4372568902872,1561.5487404729956,830.263968907355,981.9005332645285,-91.79125927929101,-517.970558428853,-1122.634545272975,792.0131004175628,92.19866220669415,-277.2092486441842,-19.575106293122413,407.8608806483293,-7.035753370657151,-172.29828481798882,585.2272196665258
24_1_0_20170117150858676.jpg.chip.jpg,-9085.140287972103,-2346.2345706501105,-1806.238425854112,-2126.182134137349,-750.7529970928165,-555.4596851814802,-2673.0661348787207,-448.22955971473465,2109.0742694651,466.17517581989995,1218.7511124548917,470.57404080337596,-1153.1557677243823,623.7712326296872,690.9299224360165,-760.862297634921,-679.3016941332888,1587.0237289452323,393.97373063950636,552.0265002138541,-179.60274917465523,-376.41772736274385,188.90301481909316,-995.8412788339099,24.521357096437395,-35.40304583720211,715.6847765125784,707.8510964219607,-646.6339571358114,1001.863260161091,364.2029024374845,-186.53351840729232,-757.3147271562347,-786.8099293724572,-1096.308652156937,-373.4343205255281,-864.2908904159128,123.1420215441435,-751.7600316304407,762.589188933833,264.42440193272273,-559.9147284435992,-78.04669947062408,-603.1995819301726,-444.89860637076043,515.915161476627,-22.27918546178643,-282.55027517423406
24_1_0_20170117150909051.jpg.chip.jpg,-4897.293379111829,124.33250447746005,-2101.903626936997,-1202.7889954361103,-3796.238808831908,862.2796839386807,2151.7577049447045,754.4728022435667,41.30323627161876,-972.1711154349746,425.17927245196876,280.200735387419,3395.3903499919065,843.2959797018315,-1057.6981676712146,1339.1502256380938,664.5975035762409,459.48841626213004,-385.0493342389176,-1225.7041448213288,-1869.135546657913,1273.2164611673822,-1762.8299323790745,1012.6380141656056,-10.010535391048892,-621.7641218579847,-294.42243036674347,494.0105660617375,-564.0753327378388,705.6061030457066,579.5574517557923,-625.3750624577422,103.56978506779384,-528.7589922573734,-58.6578148525116,-1718.6883440019071,496.4854508210155,203.71530523302303,-399.551031457168,-16.584726037690412,-382.6158092369558,-47.892193814963555,-44.75123370026063,-394.5072515228301,-1200.3098011867671,-50.70201445165127,720.2508245175869,-327.550200552525
24_1_0_20170117150911661.jpg.chip.jpg,-1833.7405541235557,1667.9415810879418,8467.385550594367,-922.1756304875495,-1809.977946343259,53.16823176445924,45.54447184738054,-1769.7479249083613,1074.9925668226351,-1327.0996996680728,517.2999630711699,1081.3057104097622,-593.691070348682,368.90714883861517,299.9790247905881,-745.1519410937485,456.8340615877997,-128.35162389767808,-278.6345826604219,245.95773396990896,738.3321755811431,615.7136568642406,-730.4445040664255,-679.0563561517184,335.76868887897103,-272.61989312632244,9.331282782150055,-621.8194559024711,-264.69454194322185,917.0488334814643,-73.37148229482383,892.8403820909119,-22.92275445616999,200.98222767526053,-459.7689982953094,-411.131749519415,-98.89576631312237,-339.3996148316089,304.30493000213386,404.6613038516587,-272.2867416344934,325.2077184171937,56.956949892296514,-219.1465979030817,145.51261587161625,399.0873774636819,124.56238913663456,-102.18868083699775
24_1_0_20170117194613108.jpg.chip.jpg,4281.43849470622,-5620.720780547668,-222.8472866543433,-2577.364986849293,1851.9526710086773,78.8527012491469,-1954.4403190420514,2116.704187934348,-2137.034905581099,-497.5469290991646,2855.883976922907,231.68502375651934,1682.1152020951047,4144.7165905240545,1421.1250311548263,-1766.1370475293336,996.762812293762,-644.2186396049619,-1513.7233288625212,983.277420962306,-376.9810790569809,-518.8957148989768,-1262.8690849733582,-606.0340895899866,165.94468144562043,-277.87300862055196,-370.7846177015108,-777.4591305706984,-949.4693587603077,215.8796586512909,-2739.8332094458583,352.86546795005836,439.6361826195657,-1712.8073294128042,981.4266196745249,371.66092885920307,-69.18123153055404,293.4517589540804,278.77553164887587,115.00017493306112,-668.8321464796609,-98.2944125479832,-465.1975961783846,-128.19352660175358,-183.17371890626018,-402.5632130765542,269.6371012593157,-182.76935624644457
24_1_0_20170117194653203.jpg.chip.jpg,4659.2276043485235,3939.927988055397,-289.3298781760757,83.11459425233059,-1194.796065339467,-3234.9739415094787,420.46568688649256,1558.0350415578005,279.0292676444728,74.8684011878771,665.8505799486281,-1458.4750639145893,-211.47434351092315,294.16218397677045,-177.17394339189465,11.727970148902957,996.7652735497004,-842.4957652271981,1026.2585495665978,1197.4611808115224,-78.58118665669845,-303.4344510875837,340.2193304692424,-489.00090496353414,-53.82934368538992,267.0971775510501,23.391591201146216,-404.05675655541813,66.48452829927807,-1984.2798802163156,874.9819828467034,-136.14952719204285,-395.1997623506896,186.14652541288257,-382.9097749039083,-181.85335683028924,82.896683836139,401.40692196934197,55.321698612123015,391.2058429719768,-497.93066919062335,629.0733335705601,926.7319323577024,399.2257514426684,-612.3503562232323,223.940974670926,115.97375337158815,-608.183983413362
24_1_0_20170117194800876.jpg.chip.jpg,9640.090264397433,-5875.034845943317,-2909.781410851931,-7836.214850202078,-2789.5992166421615,-2473.8241572763322,-902.100113156674,-120.22231386060321,-5080.006284448289,-405.410646916062,-1915.22358463481,1075.337202780109,-1239.4324024296377,3117.008310210363,-770.9845475581538,655.6688066398651,-1778.3054688649745,5121.18339580602,-325.34981372464875,4230.640976656238,1757.1417929091338,172.7791216440235,1120.8571658723547,1587.026431283097,-94.07455552773185,132.43926623058715,-1918.4944748057326,-686.2229519749361,-2075.4186150615333,994.628217645141,-417.0959151501617,172.15260820878078,-344.0227229578409,1262.9991749716162,449.1550403550658,919.2647932823949,213.7362837589233,-1778.2909132976959,-163.64188437108518,-341.26239032289146,-209.79867296832157,-44.22356600071851,321.48580142328177,-986.9372119752891,-554.8976518127798,-412.3326412575207,-873.7245468437587,-240.67612616651732
24_1_0_20170117194955099.jpg.chip.jpg,-3987.1047774945223,-4353.107201728168,4184.088436933076,-965.3661864061187,1103.187637045477,-120.44843200248201,-4612.6555086712315,-2648.969035373407,-84.09944624390567,888.1058858973354,-3629.784031935479,-498.0020533890496,-1788.1168272554683,-306.31279503019465,1190.5984989977526,-29.123644770016814,386.17086627807265,-1740.4394197683744,-139.68331362518907,1092.192881063749,169.27080652676764,328.2276627470893,-297.9376689498702,-462.1274743681312,17.9470082936095,-1853.7789334114636,891.9810143528916,295.0681753110579,-1115.571690707934,-389.2765910809192,181.18895070498374,460.74310309124746,-364.96662353936307,532.2434573164826,-747.8443507431778,64.790419344064,-42.10007964973793,954.6199166359553,-588.3610296471755,825.3623620124927,251.6907335929459,340.3322518203938,-498.92254855334915,-193.69606769444667,443.9665844544756,-17.30151225088012,-88.49930417231467,421.1577558193653
24_1_0_20170119170930694.jpg.chip.jpg,-3111.4259952852385,-1309.9548181300186,3660.847514907945,27.38926477856217,1471.0873040527815,464.6326888771462,-487.40893914621955,-1975.4022116982476,1249.4603383458023,148.08452786514295,-914.0221327103145,741.1987597535624,-96.42823951710913,1174.000282171371,754.5560781678972,-2021.682642265514,-547.8582332476625,-1167.4938210294454,-236.05315712601973,-229.05774668191208,120.27063311886084,860.5526253728107,-504.12138190952066,349.0893561291898,-343.0595105052144,-602.8032554309658,23.584806533501855,227.12672386797294,-119.84660450164402,-494.0293335022495,583.7203896637383,257.4575658721982,217.2809346757791,-1086.2026944847391,214.852449207223,-211.65728922827995,-296.47761072326944,-145.76988464795488,950.4845910589803,-234.96922288505908,-397.2068431268151,252.28465061939906,-174.50887292818652,-440.1400370641012,481.0582820898255,-33.42493240784208,191.33452530619175,-343.3167313586217
24_1_0_20170119171026777.jpg.chip.jpg,-7728.834549069868,3252.8279304271628,-4725.826049308646,1719.4566066733307,-2118.1926227065505,-1569.4578344387573,-1343.2209493599419,1008.5301117947105,1073.302915588206,-1376.873877809694,294.86577451983743,942.7085675822206,242.59251675266663,-332.8310896718548,211.88319693481196,-528.9367656148196,-1652.5932874486641,-597.0343679616795,-1546.0091173391631,863.5984194818997,-46.96976459238964,-74.02620824227283,887.5926354254098,569.9676669232152,-288.6240212761322,-1643.1302425549518,568.6303760223982,153.85381396510195,-23.79747492763199,-776.3061748934025,304.0132941760876,-513.6514718164491,81.19624445710951,-119.84202493571404,162.01743184876958,283.56891258577,336.2696409364999,-181.93103645595113,214.23179415156451,194.8621794506764,36.29813730281575,187.2751649574055,-89.48518229764132,719.4017137507597,-277.4547658228165,597.162726549527,285.29635643264675,-302.20301155374165
24_1_0_20170119211426377.jpg.chip.jpg,-2418.177607372708,2868.611230511089,-284.4699266379892,-5210.0173452651925,-1565.340989940802,3910.6819393757214,3105.6537057437336,1916.585938073023,-372.84774619118394,1553.8436930776693,281.5603021566591,3750.3514227930445,-507.23497784925405,-464.2474649066328,-661.562050738669,-1121.8507466802978,-1731.8427807379367,374.5972235228802,-111.969557659354,-4.555651710569565,1663.817117804222,2435.603048306196,-74.5769910615283,199.16785532227547,249.9171700819103,-621.6036473023087,347.80172847658463,-1415.3425961710623,-845.3844878465411,-0.18888373067942005,1806.4698229191338,343.08095591327134,456.7398802811954,-593.5230365967743,28.569675587661624,-399.2495173717537,-553.3443511591137,406.47237028519567,-595.5865075287995,-625.8331667197727,105.07466527468408,-964.44087625449,-828.5024475425631,-567.9459498189312,-677.7752800683785,465.9129129166426,-272.5537251352353,-185.17362873612353
25_1_0_20170103163054063.jpg.chip.jpg,107.76321024400737,-1368.6207750309477,366.32648171856226,1142.1437971251373,3319.820114853911,-968.5874024806029,1091.2072570873963,361.91936506609795,-690.8730696195277,-1106.3103392431894,-1137.6560771050179,558.2366062470376,742.0154938098541,1349.0277988123978,-2525.746446769076,113.91120666005565,-635.8169836426413,568.153737115078,-199.6673709663997,-1309.1814331383114,171.39333132411784,-1298.01145039857,111.92572912173645,-483.5099172195641,498.56427547858954,-48.84744165435546,-498.39750654334193,188.31885005786924,354.9130458298455,484.0498764151174,164.92099488598993,-334.62363730540693,-86.02278196853007,221.08144908356536,-886.435714365422,-60.04349361553213,-929.8333555190234,411.00773742819285,-24.1151452700184,-1073.8288065426239,-339.3220810314973,610.2335217655454,-586.9675010837927,-311.1380219616178,569.2489826401078,420.42031603028386,90.84458063357285,189.36260635359832
25_1_0_20170103163218903.jpg.chip.jpg,11015.558064487734,-71.57836420016015,5703.3563266706105,2536.886223049612,4232.163574231474,988.1598366809194,935.9056522579174,1043.4371123770698,-1052.2134427848735,105.46296222539932,342.69434660507545,418.7370628686419,1339.0632409752614,382.9719229370973,-107.02130194881153,-592.6858734915857,-918.068488377126,3041.759052536759,-0.6494850881556118,-543.2503792619906,-404.1035107976883,-1766.218110491842,-260.7266284517805,-672.7077257960849,617.2129195072356,-1960.0262097675648,-193.96779309991248,390.0405430172428,398.8615515185948,-436.9868728884323,1213.7556413885852,652.6388217894965,314.74993989375275,599.3451244401937,724.5952111788638,-994.430633238834,789.5225025037347,606.3575195572861,891.0030409322054,524.818521717816,769.6224314148268,-601.2684467119612,329.58653667029085,-174.2633682011926,338.47977493062496,94.41043733047067,-475.26960856191937,-273.1266474017876
25_1_0_20170103163718321.jpg.chip.jpg,-5145.269814347758,973.8178119654195,-3259.66347002101,1567.0570280963893,1347.9473277733894,272.7181196678456,-570.2162002540742,1452.9108270522288,554.5061791532052,917.1456909801678,392.160236756627,-925.449737648957,-286.8152528176907,-805.3800448305343,-626.3118531563225,499.0589677144031,397.7097406384181,-75.67524422788478,137.09474161938107,195.74100045457382,593.186154872376,330.07221572405416,75.3993530852109,909.2853762348955,-657.9546905478658,954.9123211919824,-126.27719418474551,-240.20399301872442,-99.07668142413485,-519.9466371738752,-342.48672015748593,586.5107410617791,236.64916981774402,298.45043534223595,-269.38470188893564,-363.37556574024126,-394.4241482980224,136.18029799281146,397.3887351256169,-439.0879628123838,-144.00541438135508,355.44451413154763,181.4059274598565,-264.75111003487115,-115.44598412935454,-211.12929714263967,-159.22197314441175,738.0264144203762
25_1_0_20170103175619551.jpg.chip.jpg,-2058.621141252541,3809.862173496664,1309.4368159439068,1422.7476946372565,3247.5042242486106,-190.369060378544,783.9578075205234,1830.0087827567108,-1170.6765731791018,24.573802654321405,289.78975213958716,268.59920228413716,-64.7900134616848,31.407424587998175,-403.28835942521874,699.2144244453548,-892.7897762875468,657.3881366157057,-382.2019002534788,244.8477306757566,-36.526621877318945,707.8249511518593,413.019824275792,764.6762795949779,137.5685798772408,104.21623352296803,-839.1081129009773,430.6928796895567,365.5611878171313,-1006.8029647469444,-381.8282729477983,145.21464632204479,-291.026000319009,-200.0101060785349,-333.69856653945004,300.7112656695775,-856.8020358731451,927.5233385823869,33.57383224017561,358.6327203646335,-67.10382369632322,-315.0524392816786,-308.60655831540004,162.17221331245926,507.5830804122239,-107.32864368426918,354.316867601125,787.803470784814
25_1_0_20170103175643807.jpg.chip.jpg,202.59995906903288,523.487269736659,-421.9843754228967,1434.8892372908972,356.506448400858,3217.9471191831567,1790.232227851301,266.47979494227485,1243.1199759946558,-1968.3856674677143,-974.5775012464927,-635.412202327299,-1095.362532529346,1235.0801879198054,-380.8555423068647,-54.20277123537577,452.6748845699965,1380.0582797996117,-432.91937343527945,-1208.7240608800914,-320.1558573642043,-755.8587979697253,-317.6748873195842,580.3633240540609,975.2036839870215,1148.573582223838,229.2545671007764,176.91755571557596,-89.80442733607246,-307.49895481358624,337.5276768377519,-430.66700530895724,256.6484121289003,438.63671712142525,0.9967098819446352,502.0984293535903,479.5747358940221,487.5758190825243,302.44615019235584,216.11610159721786,1005.9286780810799,564.4465879285744,-148.73927794716607,-209.4524387104706,70.62492567539036,29.144019434298215,-11.010210292495636,392.3532241247422
25_1_0_20170103180606727.jpg.chip.jpg,-3349.2453611955484,5311.428774715213,-106.46506636329791,2506.807488811598,1316.3697310726832,608.765483623517,-292.12155337446075,-1801.3713772585108,1334.0507044371464,-2728.6777153450016,-2102.0220516586264,-2355.42860149416,334.6250320518476,338.8568584590039,-12.874681977013276,121.215867758282,594.5996422215304,950.925999145202,-552.5519630176985,-648.4545813301079,556.0605527948229,570.5284603322884,-472.4556603507467,-298.1578198973498,581.9063993641265,-843.8686608291897,-1033.7406450378107,-460.4049451380072,1193.5576421350122,-276.2391745593495,388.4632345153911,594.3012999711266,368.9487997679327,-951.4230763506594,352.5872248093242,-37.92265944048122,985.7807604657615,-828.0148188716561,65.95523297874306,-254.85043679444854,-111.1212682206329,-105.68900181579528,-532.319123617009,-1001.4844301927335,105.0003486000323,-564.2040992804368,691.0369208672232,797.4541106756683
25_1_0_20170103180657288.jpg.chip.jpg,1383.5089372688797,-4036.4094655109075,1694.5782869875093,1453.9643605436754,3316.7068653692213,-1041.8017615712504,-267.15374871293443,772.3222157746354,122.9592832080758,-3260.412283204249,-1121.2260539783122,1285.2252785008184,1322.7491558185386,842.3401600317769,-401.22111021604866,-801.9465871066251,-1017.2567256115447,-118.27380936283616,301.1912629905504,-360.2185016559481,-420.2808954847941,789.1205906591305,316.0208576981307,-191.2861912484491,16.058741998396954,-765.0847510286351,77.12823968149767,-926.0003862026704,341.9220908270581,62.86304828492729,487.9760330334707,-847.9762018481172,-268.52659080113165,567.4869821966549,-340.5416197228017,73.36386362447863,-184.08909047089554,54.88007433393775,353.4374180523337,-24.079751915369123,625.6101826861271,428.21177518354875,-96.11625706928984,-258.94225720819594,98.55104982545154,-1.0190058754439038,266.93952286464173,45.226110688725235
25_1_0_20170103182309849.jpg.chip.jpg,-663.0886308027167,2023.326533359534,2140.018396890113,2075.287267230668,2512.6780822861833,655.7857787055079,-1546.2153834474575,989.9345036317792,-870.2556671494376,1191.0882252777376,501.00323662992014,-667.0909184464285,732.9935748588032,-466.30980685131726,-1203.6945029342974,567.3736767175806,1183.445541465415,-379.5590099440502,87.23142657672452,1040.0463987595958,-301.1738208063139,296.522051675795,44.42792477758755,727.2368500147745,55.31962250912268,359.8665416372106,226.21188373815718,2.7616386266850106,-123.3075354365161,-250.01591740981328,-116.56913732959265,178.5365005133842,-178.1110715311074,434.87564358608427,-400.10468380258294,-825.5647280162038,233.91131023588727,-109.74732774838361,-276.0701069314129,-195.5870380457966,-318.0919896387466,252.80351968272984,-125.8025389247988,-145.04692768779427,127.97707498242868,-520.5403131150126,-66.20983444406255,251.01365531261158
25_1_0_20170104022944286.jpg.chip.jpg,5922.57781457204,5783.916668176406,-1904.2862233027138,-5511.449730321179,84.21011351402768,3553.428906980479,2917.2694786578345,1806.7102272523077,2176.081575242293,-324.89091939180463,-264.26805146996446,-1840.2634873597656,1139.855058777754,-297.51071719876023,-546.6991487992293,-1186.800509377125,-461.1830962457369,835.6552927708789,-1042.6225273347525,-413.9233527643916,379.93104926778796,-1015.059067262401,1701.4704870998075,-324.196363916434,1566.2816279413635,1425.4306559978506,1636.5620920306842,799.6292109492941,-814.6308589163971,-160.20749734564686,-523.9489489337707,-506.17287507898476,-127.47681329405857,280.49219267038774,1236.4389050870498,-1046.2407922333543,-451.0854254289688,-262.04352273540655,37.77334338079531,326.7427210989381,187.10315846993112,171.36339722274812,-906.3889414449734,818.0856842406644,27.762826480079973,1096.1085989665505,-1130.1471863586005,-306.6270985082725
25_1_0_20170104023032454.jpg.chip.jpg,-1693.012389681708,-4225.813064548317,-1774.2642417370892,1980.3820794357339,1181.6687537353828,2008.719123974607,-3631.949177529858,-2332.7683664743004,-1475.8220401186798,-941.0229960620607,-2500.4636656027874,-1043.953939954851,-1811.4847168579777,-631.9533675638448,-558.123580029282,1433.1733615129563,-205.9637830977887,333.5530454704129,665.4092573794773,306.4850395922298,140.86390365327372,-1452.1317370603374,-1287.1283224716094,-500.92062550687143,144.25048807162327,97.46833387819396,844.4281184952268,23.621432473425596,-1117.0611902839414,-390.4381252392742,318.8301385080527,-182.8166774624228,-179.95983707628602,-461.1952390704849,-842.1269515726774,-269.6105742967641,-442.5389314729462,165.38773732345672,-285.29047939609376,912.8415818857467,-984.3113782449884,-403.82946556856746,631.8357242304193,861.2348067699753,-374.2533122041994,-74.17663712242248,289.8159344738914,86.29323644056399
25_1_0_20170104165326705.jpg.chip.jpg,-4949.07886251331,-2346.2541059112405,-3859.6078475454765,4469.428787544834,2633.1007493996913,324.2781409666275,-311.7858733392699,1122.0356796558524,-1606.8571704979029,961.8459729807829,-713.9859444602533,1324.7842052781969,1151.226314246532,-911.2962965590173,-78.01415003801186,197.13222059735452,-1102.548339980191,1166.3468878956858,-409.6804252907409,673.9183469858888,-1247.3546332072526,-338.98397498578845,-749.8338484589115,-1007.014756830738,-65.94407575138281,-442.9512605632297,-131.78551094771066,146.62442217925658,502.0063524194952,-154.60993534542104,294.2101531823384,-471.50238211877837,-758.6373265892988,-94.69597329248114,1016.1581909019683,308.2896493476845,-494.87575192110245,265.02574478249716,684.8833364404337,1099.9826462975668,145.6125320915087,-578.0102216259861,278.38893616466646,-79.72342362594856,22.984100309248916,459.40037656466455,290.7991514266589,-360.8455500078366
25_1_0_20170105000610412.jpg.chip.jpg,6188.628563266939,-882.2330792371757,1556.6075162170923,-355.27395472278306,1666.8011908932085,1554.349658488127,-225.91974784595507,-12.970013532309567,427.77233598898835,-1215.8945756263527,-407.02556758344826,25.34204484661406,124.64239794255825,659.2970175855249,107.17445814122239,13.331860080063786,-2183.3397598443626,-820.1559386125082,954.2978593718027,435.3222139872486,-11.268316044335982,-429.24657711541005,170.5932357095382,184.24989408554157,-783.2583061818312,184.13553474026963,128.22435210734517,-138.7744359614679,178.11886380885636,276.9596986142136,167.99047451965663,-431.55552122586505,-114.08888808808234,776.0018572104482,-155.2276913525593,-6.42428087092098,-83.9877797091193,-199.15795114986705,77.27183897396543,-231.40663261467685,-669.2508203540782,402.76723337148627,-49.76945347740032,-347.09240396103235,-526.5362173305118,139.6957238543859,430.00868051383003,282.75562700676954
25_1_0_20170105000803577.jpg.chip.jpg,-5211.092863148311,-1589.5488531727822,5010.580145422842,-2348.6134063679456,-236.65082424145746,94.68604756925752,-2588.299469293653,-2176.8842788587285,49.33680566001408,463.2715888623165,-356.5179573715549,105.02201495170765,-1555.3751730991141,1471.3411628753104,-991.0065631431837,515.1755188374777,444.7815225641693,503.9374409947555,-331.87675845073915,-408.91539467816943,-127.62126747750888,-167.46106127426296,1004.5204652871057,-619.1718146888297,-635.7727940311516,20.66028142029919,-505.0168727111205,-470.296949186597,-370.1598984370444,-341.0596802337361,912.8332788122544,283.1575997763201,131.78108460683805,-296.27171093123917,129.18349394211748,-579.1524910508364,383.6868530245104,-384.4653904971152,744.3024948177623,465.61152603058974,392.14333924495213,356.4615171657752,415.7230149601915,-129.2663528915604,162.2072967437673,438.1595656439313,648.8295523469088,-630.6002574681648
25_1_0_20170105183547063.jpg.chip.jpg,-335.8156987640526,3229.8315205351123,1011.727883665202,274.98948808633895,1633.7763593439934,460.56230525729353,2162.59113508087,-3075.3451609380286,-1292.2844076680312,507.3531875136856,-599.3319310155125,2669.4882684695986,-3246.915799759512,-1837.7600316247203,-834.0097829599132,1047.2902966278427,444.2865804245255,282.0414256207478,162.22789549669955,-316.6580882246065,-248.62515065247783,-821.868280924118,-417.8540441645475,-450.52674704018443,-201.8787895417981,-413.5589603348615,173.5111157188184,24.67492101912403,-382.82630753220985,-578.885033315757,-281.0447429160947,564.7337313976769,-390.54387734316936,-811.6096342706226,-246.0014056555216,7.945215609154866,240.15475703585355,-479.80616994028316,499.20967972462483,-278.9109531724575,-357.20182360657265,-93.47801395061506,143.022700464125,164.00792634763502,-597.5151052300923,-106.07747901550971,-764.0844603496079,-518.918221559791
25_1_0_20170109132220552.jpg.chip.jpg,642.5738533107641,-2929.9791838338265,-199.20576185446285,237.55395450815848,-607.9267975085502,1166.8734414964608,-2610.6290776289397,1665.2615060684943,1258.3444279031075,1927.4210397408442,1205.7507937474047,-379.68325764258566,-1564.6103479172616,2876.6814805556523,-287.4733384736271,631.6338296440402,688.5296070529507,-1055.3902699738735,879.4440503409782,-656.86777459608,-13.179359990976733,-416.3456089754536,90.93543239686137,-1098.4071790640935,25.151745079697804,-1104.518652231885,-176.78503748603845,-136.32731114415836,64.62155110956297,1344.2492871131747,-1027.9907525364777,2102.654790098941,1011.8194815787691,427.8736281773251,-584.3343471389973,683.2565640403756,1121.889575983833,228.63612480064612,522.6933814182818,-67.75578490577847,100.62393278404191,282.1117312531047,-658.0352897796033,-40.94288912927905,74.09257297087402,989.5443510287278,-220.41473165344206,-740.1063008139209
25_1_0_20170109213201198.jpg.chip.jpg,-1493.759569596209,176.2517424880218,3988.119064648627,-255.70120374965944,-711.4258745223406,-189.97400084599482,727.6419075707106,1033.496151742995,-401.72293841361426,155.83407941772336,-1848.4053137913695,1157.4600676517182,-2037.306481306478,-1065.5202809704726,1691.6389584233298,-345.9748511801531,747.6814866828518,917.3127914639225,-920.8286910413191,80.88407215769894,344.4309442153492,-41.54285822995848,-714.6683254530151,-116.3740471591519,-982.0995489649872,347.99473289378125,971.2930010231739,787.5341606965201,309.0443472963963,-390.5182975869439,355.15162370521085,-56.000012062714205,-669.5837283661386,69.13537855081219,-62.44519894241093,1263.2883675659937,369.08346183238206,-293.062045032787,-349.7842072741835,-11.482612840158668,143.01867859251973,340.3854713395648,194.19305695848252,-153.54722969135366,-321.38856412191586,-138.35380491092434,479.73919144324725,91.39473620685585
25_1_0_20170109213232182.jpg.chip.jpg,-5715.668124090085,-1146.5114190774168,3736.8392859421933,-2993.4126470417027,409.8113795945344,862.8805864802698,4679.426276263942,-2547.628910946149,-200.3426719980762,3.7277083723058526,1588.7910557852451,2271.1001076536854,-475.99754393505765,-57.74900590823432,-936.0107555886538,380.0392467267804,593.5845100454018,-253.76304872124015,37.74465963392411,76.23676541411422,786.67895676418,-273.95105576931115,-427.6945364866517,558.6309220693535,-1209.0755868772253,435.37413729196095,495.5746729859677,-575.319464675084,-288.99210829752747,-368.0068400006496,-292.6920548500363,-581.7985252588306,682.0593871706867,-454.5201189471789,523.9175806595218,-1183.7215202939303,745.10611830687,299.2456490992353,-327.5268124812647,-342.520875542029,821.9251330832444,-436.46767048641937,-424.9181949757797,331.565751541773,1050.1799496502956,-97.37460737756892,-430.5258490042279,480.7874814878611
25_1_0_20170109214731480.jpg.chip.jpg,-5788.478419791711,1383.3418417192602,-2209.7556013512326,3853.396014914752,-252.17153444651396,1292.0780794313168,-578.9590487174437,41.72690530532252,-2176.3349306737655,2011.6754376278097,1154.4907253183571,-1791.0690679830457,142.62463657882174,-581.9926881815206,-72.6453848414092,-867.2861626328981,-170.444956502537,-831.9946621144829,-262.5900230101704,-897.5785672128321,-463.9286887441527,-434.48847135419317,193.26543199562607,1143.2164943552439,588.2719242411742,-629.2507807838169,-253.36317923494371,-221.91232702393935,-274.12983012710094,197.64335496665998,799.2675952202582,-514.6972547054074,-18.04883637636194,-289.6240899550947,-557.8803744625831,-358.0673149261272,406.56066925737963,-5.16231530039252,-368.33809729162766,-286.1446500195293,226.1396285070832,314.1806831008127,-154.90419681324778,-648.5101284686747,-173.29108674916858,-130.9864677328608,120.85003307160451,-53.72659522734337
25_1_0_20170111182452788.jpg.chip.jpg,4474.322200868469,1916.6097642178324,-752.6954501286085,-1607.5847376003408,2434.6064638068597,-1407.2143016797415,-4135.243336566802,-940.5281248455434,369.6472014567435,-2918.3690107899542,475.23079828696586,-1661.8548523311456,-2584.063291301415,-2473.070394889229,553.4841934375864,-903.903738720276,-893.5767100402338,1371.4130698499662,-1104.7743257378957,1398.8527100590425,-1050.8464089338715,1162.137187806793,677.0009036759053,-576.7334996955127,-528.6570963368354,-798.1964801097216,599.9966113972336,871.8865770503903,12.473383069504768,-827.276488910325,-904.9618416379348,321.01894378681004,-442.5481317820138,-325.41373209415826,-821.1159481890425,-574.1048522172616,-175.33058110762332,1003.6025381677669,-437.26116139164515,-1026.1800682318064,-418.8419104825658,-833.870151396343,-371.63774380390043,-643.8740742499223,1416.3056644804767,270.70968777223396,663.959809176707,84.51829983993433
25_1_0_20170116003458183.jpg.chip.jpg,5841.052457600463,2321.794621653092,2153.1921887740123,1136.9177499528205,-545.6891907626948,-1095.2652674017436,-698.5638844623991,-1897.646433891706,739.6745526266814,1014.985320045784,655.3806762700929,1622.098425089273,-344.9060694036519,-266.4048948409077,708.3797495805791,-303.56332304337917,1043.267909951704,-489.0499782198302,-133.582155359346,1166.1052166831353,573.214262638407,903.9036919613079,-533.0179977174131,249.79049142133798,463.48867845217876,-441.03761566388255,359.0272321178567,-143.96923791349553,1660.1081042697847,154.94084321463305,-607.5704029613312,255.4443337955433,10.13453813103526,301.140238491092,-213.98911051114467,-335.66402815895657,1215.5003836633161,53.040654370218746,156.18402646527528,-377.75638492925845,-284.38461992434037,41.81857653058634,176.55697302245233,-296.2414392425188,-526.2618507662355,7.605212156476222,165.25397719177434,-424.2499944456457
25_1_0_20170116003513392.jpg.chip.jpg,-163.63751614351747,1949.1804106095394,5453.4051477731555,546.0454589820253,-782.4672061460949,-868.8545078832877,1676.7773061674482,732.5145563786249,172.8359078208192,-935.4115504181265,415.0456268313055,269.6029489308277,-1830.7785010835632,-622.9320189382291,-501.59974862935536,66.49409432162912,-406.00817032824614,345.41347666521375,1305.1665741355698,265.6725065663106,-232.3430758338265,-182.53902843933244,1018.9216447068463,-325.65717789848173,173.16318282857904,57.95016864065465,-49.4385768443776,105.15357079813978,-169.87943700185428,252.69303785601468,328.1537451777982,-505.9538783349798,-976.2028715087811,-486.4229185984972,476.85962810675835,62.549136166846516,-395.83496445334987,-330.0484874568846,865.3964132201154,409.9178223773661,-199.6002601070855,825.2218216964369,-661.6038141598425,-608.8382944922859,-220.78223032926343,-179.33644044835532,210.897954874413,-67.0795905476877
25_1_0_20170116165420657.jpg.chip.jpg,4971.670119214858,1976.832578890445,-5399.565140817027,-6529.945103041952,-345.3326561785908,1135.5821208578973,-1225.004214064798,1283.2374271324136,-1023.1234440542848,384.35181919059147,-89.28826157313888,-1164.6598304355234,1444.616185683854,4047.7761370117105,2990.3955344724677,641.4361786036264,246.07806906340548,-1189.8627422216193,-1240.729769834051,-1279.6514215001828,1586.9018526902319,1001.3028154176965,-1745.003363225625,-1795.4810104756327,877.5203192407657,763.5057203857051,966.6581073160909,-53.51756238116789,811.3318901654197,172.52340053520555,1377.451451349999,301.24147458072616,-1015.131775152501,1091.1898678151367,1232.5474090417918,-189.71924391965652,-1152.6986838019136,579.4321473838492,836.7104591750152,284.45062465544396,183.64151533164178,138.57088058550667,559.5843755169931,452.4391815287742,1338.7781544931286,-265.65719326548395,-564.8883481647431,-279.37885145645373
25_1_0_20170116165638421.jpg.chip.jpg,-7383.332056368028,406.31090651668836,-1955.8455493731346,-694.1916579222777,-949.3158319346675,-363.8765251885663,-495.31720978924585,998.1593211962752,1564.180889143091,-571.2958399499234,-103.55562209392802,333.0971424021731,621.8341807395351,860.9166129801758,-435.7579327271906,-287.5019435614777,545.3368996971578,-157.84444804126312,-125.5970297969819,-270.6866888971226,268.38908693123807,505.37937381919136,255.9234124226686,-701.5217361489003,221.325670046194,-210.24473616068596,87.48546279054138,389.2355255916369,992.7227238174429,125.73293662342225,-305.8053337429205,95.85691272110292,222.99197217249193,158.11436055878087,-420.73264300871546,528.675196134828,232.2460462008001,60.27257216959516,-177.24058700885425,261.47182167188623,154.72981018254217,77.47176475623182,-459.1050878308955,226.40450103689528,163.51482452962873,88.67357723806658,169.66395213240165,265.28070395494126
25_1_0_20170116201701430.jpg.chip.jpg,-4505.606203965653,1893.2110721288527,4286.403834343131,-1799.9967328621929,-2941.144402640053,-1885.73817274083,-2004.9142373874604,2018.4985327114432,1276.7986259434317,-702.7528331693043,1536.1724211154365,-436.1439733418733,214.2238374438375,1512.3864429781001,-302.49456370172913,-1129.8913522603548,-575.0928105855364,-660.2650922903027,1838.100275907418,-363.74566503896995,-136.9868856795548,-1027.9101320643258,644.1542607240898,-404.491600272246,956.2855653348241,-1.9504071953086095,-136.09091193887852,974.6628322014612,-994.1235479783813,-419.0053827439818,-397.5664786857956,1124.2500665372859,376.0097489958958,-326.6047525857357,-383.9874497291444,1156.346872035834,355.36379514258766,315.8047839689683,109.84604638650164,130.20945910039154,804.3348927441103,-375.4628205840212,854.3138800364325,93.62575449723403,259.7976682539538,156.36314615262233,-307.9377126062047,114.91269188963848
25_1_0_20170116205342932.jpg.chip.jpg,9766.438341665986,488.9851666391244,-2057.163194954193,-1057.3366408609138,-162.91738024421662,3692.527538881708,-1098.6664021829918,1553.6625128612673,144.93264720676947,-493.8032528720793,-581.642460978443,964.7865268394561,1492.7030851437157,-1414.4469324034765,1258.3385700396648,710.9412778319384,-1293.7072291155691,-27.871882127059276,-293.8034977122923,698.2043905353498,-572.6392092799992,-1011.9148734118111,1619.334576719525,-1684.896645909614,1151.4752567919454,469.4344242347332,-135.62440432060046,-842.1888865360506,234.78665607781113,829.1872722646078,393.66204988491285,150.48641422734306,1160.0394699447754,-146.7333709078461,-750.3457724210026,-351.86051580670363,-241.6385678634509,-808.9687779496314,-212.29321807439572,-268.46727853132603,-833.1981948356485,-307.4841328023479,242.1267170524641,78.33830067599659,649.4793904626742,308.1063011948235,360.3113015496132,-370.62962020988033
25_1_0_20170116211727465.jpg.chip.jpg,-2967.930398890565,5208.292025176942,8609.969227384105,901.2152583347643,-4364.26076899562,-939.0990896604306,-1426.356616086054,-1036.096268450565,-2110.916568831389,334.2750917279038,945.4754461361277,-1229.1225564628273,-740.5940763343001,991.5019188588718,-566.4479410367155,593.3707303017701,-1339.098597253157,1010.5848476599635,-699.3300793459532,-436.1394492759282,1025.9487140670963,-748.2592793767813,277.5817916408306,-493.82391794511165,-6.3614729255270435,116.90338894471452,1141.829500705048,-653.0077087120378,692.2117675251748,516.2376828488306,447.1509489262652,-2227.0729856051885,491.42406415195614,517.4837196586572,74.49584175325347,385.2672438279567,-346.5107416831481,-265.2025442187679,881.6636889576355,-622.9314460899375,505.1830671245071,202.70971054427912,86.99129483813168,39.42570020108319,-194.32953836044615,57.46528217120113,-66.78985907314446,-113.38555039789806
25_1_0_20170116211917463.jpg.chip.jpg,-1430.620861166891,1382.2589974193024,-962.4466352242041,-653.0840760459238,-4672.456626843351,-552.7483027996224,2403.197019722913,2883.2054754241835,-5540.530127505662,239.98839390241696,-500.0184023532322,-185.9366566801198,-1258.7661619717858,525.3563111267903,-1089.564645185527,-1620.8809080996612,2445.6726903408894,1337.3572332290075,1058.3203487784174,-366.7585682946264,332.3107186479443,2660.271084362995,1526.5458173331674,-1618.1406254361807,2208.3148153920774,-363.4008495160635,966.431110296954,-228.36042330722813,-223.55640619097053,854.9592748165986,-144.6780692155171,206.22029502345978,-510.2435288611783,-307.17448460574565,-13.874972262516113,-64.38668614921467,320.7389961777092,329.2640315419537,726.368371213785,-135.3310600951444,-372.81575375573095,-174.48645125062848,1544.8657098476463,-21.383741293687738,397.1503961925137,-803.5185388241615,-141.59257552676172,384.6390271149761
25_1_0_20170116220238281.jpg.chip.jpg,15126.368538034209,-735.7297359395318,-19.565635182307133,-2825.2805939493887,662.4967014319351,-1516.4723893330222,88.97059001842476,1301.440108949362,-1910.379234820016,574.903771850316,-582.1499748115023,734.2546773508891,879.6574729231575,1802.5923871134714,1135.938320253306,-198.06788402025032,479.8978282665904,263.9639944980074,-1741.6638972003796,-405.79964234912813,880.111098253317,-1471.4060837436045,226.11850230280206,383.33873102801687,-615.3489724097132,200.71137455067012,1129.1702830307297,-508.726934496548,-977.1360453623747,-133.5775713686796,-816.0772848557102,186.83296309208438,857.2001108003237,-908.4238092872241,97.73926354767332,-116.91060586901298,-725.5569689391937,-177.24006304572146,263.9915824230339,-288.776399701118,-837.3835570400845,135.02878375781805,-967.1834811877857,-77.21534801417232,654.3096075652679,-197.0023605864219,-224.42742237716624,317.625467142764
25_1_0_20170116220813532.jpg.chip.jpg,8949.013762735232,2529.660621970571,-2528.383590979978,453.79282617690563,1101.8644701803082,2687.731722087678,-1059.4589163721148,-51.901013719772585,-1198.2284425160894,2085.90041331324,-832.7919966060883,952.797332576462,498.6241794767275,-266.91850151399797,298.5906162086172,-1096.710445693814,737.7318978288574,-473.404159945332,79.5446357350631,-570.1363053221315,-165.79774326478568,277.9070728290128,292.9300592410619,732.5349635649031,-132.13830410076122,-828.1516542678894,478.99375333319483,-106.51913065320356,167.64440462198482,304.1695432899789,905.8035814589334,266.07813803975296,-385.1899674925351,-197.95264427987152,149.73556829535818,323.9409118418153,-114.69979857078752,137.23300866035666,-138.1079221541526,-159.25741532484773,-220.585726925367,202.74047979149503,-309.553018204722,-227.23077152320246,-142.14228840640956,-212.420686943073,-671.7605692971028,549.9205631713186
25_1_0_20170116223848612.jpg.chip.jpg,-3742.7413005819735,-263.97907042519245,2713.1924168265346,487.11582487285574,1707.2123281503377,-364.38687020618573,-1864.1506789116754,-1018.5095266665786,-423.1993016016221,-1126.6668727961496,-2399.9630619140808,-681.3512983053955,-1178.2242971703886,299.68770510788426,1328.250821212397,895.1625171204689,-218.733767055564,287.5341408398595,119.49333317937868,-147.7311724631209,-752.1254050715488,1221.4683411158592,369.3137746740851,-701.6088646110937,388.3188416438336,-231.62829116062892,439.4445046573185,-346.07907399952575,-503.95864619634114,-401.66284722003445,-373.8918129082031,560.6469764731546,-278.689038887201,-304.81053742825117,284.04350648182975,-217.17955352097948,144.37524577337487,25.04311945426644,-460.3451814105672,-60.46325620860127,36.66577762339106,499.50661268533423,-382.3322533104087,-668.7133260900713,-881.9295307970269,253.04574415620795,-42.44414224440606,171.84854153032998
25_1_0_20170116223859777.jpg.chip.jpg,-1050.3106728716045,2801.73856563132,1250.9471448820436,-2830.4770338676713,-2158.6769318767233,2071.231218283901,-998.1758774405351,5015.957565547183,2857.0198861967237,-102.73395407780473,-2408.398709254774,212.5570779768862,344.0772072334729,-2456.360547080418,1732.9861897719845,3277.633017459742,699.4308268993911,1692.951260850273,2035.2027538361663,-712.3229156933545,-245.3395090864836,-2933.5744302741614,-358.52269549730636,1184.753918675704,162.3743685556776,-1392.3553474903372,-403.1481205851797,1064.7601701445067,59.277672953506865,37.69861592606766,-1942.5830633989888,77.78009719327952,62.10884685716225,-1975.1570744051198,861.861507443559,-569.8223443628809,-955.0999343741448,-1049.403340787465,9.234463068885914,269.7830345555824,623.4001078750438,-230.28363653268474,669.9703277370916,-890.2180125848223,1028.6445835614581,-796.6888483032499,418.45951720153124,-1042.8982415447797
25_1_0_20170117134403373.jpg.chip.jpg,114.67906487986593,3093.0864322158304,5622.615484307836,2304.45844050747,-3997.557052287091,-819.4668304642573,-327.45769622186367,-845.7378731747731,-1699.8752680248667,1788.734431016085,-660.0109492337488,-961.783061305672,-944.8164934945453,1263.5433229427201,-1975.0868091362893,631.2277926319584,-345.30464472739146,545.1099117279425,1109.2137774301896,-479.18222319170565,-69.50754536160908,314.4509916731036,-420.9849945258133,-384.29487250184485,-523.0145774345905,-789.8140875759726,754.2027034163883,-470.9068256874802,-185.9021810770095,273.68751869003626,599.459971309708,-61.34680931948034,400.1956425620806,707.6026416842461,-383.97003971107625,1179.103187728793,71.90148051418315,-393.71576756652314,-53.307270323217324,296.10385539197364,-176.66111460377027,-165.0720269541757,60.62486087853397,377.33141216219815,-91.52926715405762,-271.8406681608266,305.69850859776835,-451.27925314896805
25_1_0_20170117134837758.jpg.chip.jpg,8.60719990032782,-3066.192519003633,3237.244975165024,-395.41025109466904,2053.608525623498,2598.7645348547844,-1206.3651195307395,102.60423661507346,469.89251083204624,4268.4993202812475,113.94094916874784,-611.9025255212418,671.7889391827844,-454.29768156564944,-2672.4647679858854,-2280.7640667113214,-1645.2340968690162,-1614.588409645619,1490.0345569165224,-1004.988134695201,-1367.97358355592,-236.46442622608654,440.61955138069345,-1403.262872045227,-785.0987481184195,-884.4515612208205,61.24648313592257,-263.4248315937358,351.8530947560741,920.7648843866112,-42.54646162790473,-716.067339570091,-265.2212397326962,-14.867658867199475,723.9288951305997,134.90054623895614,228.73267833008376,-220.28768770954503,-156.18742420370546,-494.1911290119794,-1995.7986819375215,-523.0546526126193,430.3957226183484,437.37477555046485,733.0492081028527,-282.99948369381264,-591.822181860684,1256.7291080358648
25_1_0_20170117134947430.jpg.chip.jpg,-8489.819373774455,1164.105342834548,3214.0111997154913,292.61314713598347,-3449.8985629879785,-1036.4726031177784,2049.10098097858,-331.526125518693,-4036.9071204218144,2116.7342127981656,-751.3786380236941,-456.2023990057456,-1138.0623518997297,12.045431986122054,-1327.6501633300231,-1621.9282664279742,-1191.369700359314,780.0349082308985,-1054.7741471412896,-1514.2029729088738,1284.3393154012458,180.70606657126143,1301.7410881013925,-771.60665275217,-1066.3728747886391,1534.3352728656766,927.8696399112853,-591.9531907263713,-1039.4989984530557,72.87179537988395,-895.3434564889591,55.14334596483598,244.8646376093542,-447.86344182141676,-206.61148327317662,-839.8869557176639,562.3584235797732,-819.8289537795997,-365.38824770837084,375.112341492848,581.9932801606602,-153.4218575395688,-169.14718381436148,510.74837884375984,1311.3242746731462,-693.2340504029976,1134.2171825848368,21.720052836787936
25_1_0_20170117140138784.jpg.chip.jpg,121.41465503065926,-658.9720864731571,5285.259792512361,1406.8425488503874,3734.714675960047,46.17366747549477,830.7097149423553,489.22263077573314,-258.6482591030449,-1245.8071919917788,-1031.4856213298967,1299.7450745317622,126.01264411736577,113.54596292769162,263.4805450394946,654.2486655064456,-1008.9295690749277,324.85625618858023,-562.9903149640123,-611.1168175471616,-376.13579045907005,-57.38283455304217,770.2821546853729,-503.1652679629264,1123.4681148592517,698.4066250557617,121.54073226279147,663.743061580916,-227.68450885208935,359.89691688450466,-1111.2066556093353,-1167.5524430209273,273.0710491525548,515.9325093858126,-668.6390062965293,701.8550432535781,-321.5741992346999,530.6915976881245,83.608917807619,328.0847322456764,-691.6601000829148,380.5422390581742,300.40514229484086,210.49246129442582,321.27855358563534,-635.6431414026574,408.2181681550049,196.66398192409932
25_1_0_20170117140418545.jpg.chip.jpg,2714.7242977021747,2255.587435541341,-4871.060100092294,-6924.296524128455,-1609.0471282065964,1040.0382301155644,1934.6001427460121,-2651.6782016526267,1492.2540690156072,1222.9122211777503,-156.81487028892482,3025.725953395203,995.2966286902604,225.92445262429553,99.76535200559907,-2400.6079470113727,4329.693924419101,1864.4781454156969,-174.88821628072176,-1149.443919208838,-2780.5875762704095,-17.417600683238074,-1667.4240370348382,-452.9820391915665,604.4218787439338,900.639030361767,-3008.2457912118084,-675.3764454077622,-1206.762318512513,-1530.5494617412512,-1619.2690567410925,129.90320066584115,-360.96169996747506,1900.3773320889218,-1195.2179979232149,-105.2460211599008,186.77701155926178,207.7215484517662,107.37156855294182,1672.0880775194648,-975.078062315602,-59.7684689997783,-1148.3716798620258,429.7887814419182,363.9785723163682,-350.410327795392,891.809073147495,105.1410497031819
25_1_0_20170117140624359.jpg.chip.jpg,6307.937596011046,-2190.959606170363,2418.7869147512333,2472.634542766408,-826.0876341801289,-3729.564736409501,1893.160975061801,-29.27289631688878,-1351.187140607897,2095.0162768036753,-946.0056806811137,-1857.1382490578715,-929.9613172216385,-1425.3524790001268,1058.9708316686058,1025.3341700483918,196.9266826993582,293.7858239792416,1724.626879962021,87.7440623086395,-1506.445589895174,842.3762555908334,-3.8861094444864417,-1714.0082061043267,174.03912712035608,815.8686697522859,252.36690100691453,767.7189619818207,983.132163262327,635.1395861753936,-208.70139524123493,-918.31542530736,-70.08041454278357,-906.0371174691015,326.0802561169687,201.8573097637152,599.9126441210989,156.21432419659362,-11.383978645379417,1000.5736499698638,571.8862387792302,545.5113926138965,-323.5821913675378,-492.67087459896504,683.5877763956668,-107.28171014629407,450.2645269342351,63.74791164721829
25_1_0_20170117141331623.jpg.chip.jpg,1674.8435170917032,-7772.37024703203,1400.0276304725717,167.187996178729,-1312.8002484273597,-1153.950565715015,420.838224480847,274.765825866556,320.1150477607727,274.3584573385008,697.7103006729307,-1824.6557586560693,1003.3750561985678,-1875.0124263303253,-51.18151708344163,1600.1649182699898,-138.61778352847966,-670.2638971988131,-1054.8381531810242,774.9472569667748,770.268192689771,539.3684626382802,64.31108097213462,263.13631865426015,731.2340898251467,-1435.240529099309,-519.9922292767912,-383.1230375674937,-99.93923697252309,444.77958783504056,314.25462249150155,-220.30641539870373,-346.91262118362715,-152.2192533761157,686.8248299303839,470.35972103991804,-449.6085600150348,-308.7094666267783,360.761346277099,561.8631854940757,-1162.149791576795,137.08208527965118,-22.384605036604935,152.57683486740052,-106.86290375461834,397.60918221238666,-297.0844325926408,-332.794699584699
25_1_0_20170117141719089.jpg.chip.jpg,2790.8298293822836,-5879.001653709377,1198.6923681153062,3888.2511258430245,-948.5672337348768,-1988.8986174311628,1475.1085789054573,-2585.5012825723147,1620.2765475366753,30.320179866167106,-654.4578395635579,-641.3286294798964,176.19036611169074,-25.919163357791284,-454.58487106555344,-266.5600336363412,555.7115758054886,892.0743195383665,357.7623852452137,-67.3476923600948,702.7338003842826,-258.12753408556705,-297.3168672103671,-598.2735950083028,456.1386981112905,1005.6933501028701,374.37421279004536,498.5587218939434,-195.89633211468123,-34.62650824440479,317.3143811630578,127.1328300621551,192.79002538956058,58.169177605036,138.18120758626335,-51.421345371543744,-562.4461098492945,-395.3016683200578,354.55763645518874,-770.8128066254396,87.3834909928279,118.50577643523931,199.81825558351042,574.7063482245575,389.0627989530666,-108.3495422467944,-249.58722768036998,159.72790360115877
25_1_0_20170117141726361.jpg.chip.jpg,-3370.724104278181,-2716.1383560509307,2461.6892708928017,-697.9759022349516,976.1992489022589,-954.9028061424052,-392.5612055185443,1063.1850684838612,974.0857374058559,1744.7910281222137,-495.0180856776476,-627.7203291839833,952.1040429036301,-197.3496203337145,-294.38464788583053,-2187.1540297776423,-614.2850679372791,-473.2300735589425,-726.1702040945457,933.8314879509271,-743.4065255892734,-875.5339596492221,270.98164336714404,-343.41249430474164,-101.51964146420585,188.85032094625865,-1722.3679746149542,-1551.131490864588,164.13845950750837,-786.5144767643799,-43.73536261546315,-855.9659431363417,1436.3046628972793,-436.97284017965416,-112.52033019149033,-33.86760427701668,-125.48285246690554,-500.8560665273951,-546.4411664992866,-707.7716451024621,-91.84991396774933,1226.4745867456998,-45.01793980617795,95.8396004942075,79.38654616927502,-146.7274653051926,-167.10954399710639,201.98445333789687
25_1_0_20170117141803697.jpg.chip.jpg,-857.0714622351295,3.0506193958407657,1083.5799670657386,2630.4684797706127,3145.4001695197253,-428.3452886599392,1554.216554693846,-1018.3466637718817,1278.853008946509,2162.240269450535,-533.8700670677864,-1255.8974242706527,866.4697386737312,-423.28808851676865,2368.365545932116,-596.4659294976555,-632.0964548258517,588.2007303352907,2271.085576881479,-844.762485039679,247.42201409759005,-134.45052389085757,-523.5963245067237,-1374.2638970581759,230.72682013646028,51.156133431596956,13.871770847653378,-204.93398724777094,144.84915629486244,355.9573250285855,-1138.6549669611272,-45.276858773023214,-220.26014516667257,1146.4603813748593,-321.9020411447079,-161.51503200805152,-844.5080248638117,340.51281876793985,325.66346697212794,-263.7272493023485,-373.8027003790006,164.14597131743534,154.55754847987632,-345.2715191895747,-414.69891655535247,-704.8499827517369,-287.8511784686167,515.278960974169
25_1_0_20170117142737553.jpg.chip.jpg,-8412.145557692565,-1887.4743962945104,-2196.1292613927953,-4324.166616255733,-1882.0403948219066,2811.3152543051674,2660.4393644197917,-4255.694278930689,-468.21794827554453,-1800.7121159045305,1440.0441661120647,-1010.2348809768637,87.31471655183942,161.55241299250184,542.122737812429,760.5591205898071,-122.66544852149416,-625.6991154316571,301.6292488781485,539.3260901895117,904.3079859551028,-209.24705786046792,1044.5387100845182,695.9935703258146,632.6423692577189,-799.2130082317868,-1047.5972455876226,-646.2221811270693,1425.945091978928,915.7294207826542,-174.57951008507717,-0.3663153312463607,688.3839208172857,63.260607457714045,1810.4284822795712,-610.4979755392945,397.22304446602107,1746.457094088069,295.48366692960883,-584.2743472684733,-103.01106962046542,124.71443121805252,-417.1265765492795,649.5096306637794,352.2109180505255,-998.2932145968298,299.07156913753676,519.4757415931153
25_1_0_20170117142757162.jpg.chip.jpg,-3822.356926273031,-3602.182689981536,6294.884258849171,-591.4027896330101,-560.7541174886132,1419.367197665528,-707.0709876713915,17.428765898802297,677.395969804908,1624.1080504932913,-612.6756167824809,955.4569512477503,918.9954828252232,363.05646310680976,-124.34329114938689,-135.17372335969765,1402.1833746771276,-328.6759732950843,-869.1420828801486,598.7761538732008,-716.6622652562727,392.70117952545485,-666.6494438341454,584.8983916682699,303.09961195264077,16.46220198651061,85.49048627004812,-498.38808197579266,23.176830499292485,480.60026056930246,83.59686840389462,721.3972924966265,500.5569142452224,-137.22021826007972,-121.03349929733969,-32.15362829157309,-662.081543263272,237.9174718399546,-185.1860446504822,53.06521766857087,387.62498099384186,46.857069971112765,83.00309822546151,-5.5837917904437715,521.1121650500987,824.386996728335,231.15995557222737,434.1976479553266
25_1_0_20170117142901203.jpg.chip.jpg,4621.850433442256,-431.85280779326905,-2817.65394649597,-9595.923172010214,669.1621719602932,4328.961471489094,-661.3932478557873,-1365.1241212577852,-1761.7714263499452,-1347.9453300193256,1791.1275587262053,533.1473249435526,1464.7565729456003,-3217.5484257978987,560.9485561115939,1560.1784730931445,1587.9440040843797,314.18672347452633,-35.312555969162354,13.231704364106497,772.6792671816072,-1644.4338119867082,1134.7412761143814,-268.47287514100253,1486.929618349511,-922.0636715393001,443.9714801356822,424.78657506046187,-321.4188638084931,-1024.3631854993166,897.3174626023871,-998.8540235492247,824.4683717279587,238.88978060584984,-424.35241112843505,324.91457547011555,1579.8684295648666,517.6209496696545,-137.34614471537526,427.94486678258147,535.9968135220056,381.72570568486225,-738.6615548977234,-244.98860942008577,358.24682661618897,-331.8409690516688,136.9729014650296,-22.006690622206374
25_1_0_20170117143830737.jpg.chip.jpg,-3444.564967554284,-1542.5470116982053,2650.8696646010876,-893.8003653825613,890.1385857544548,1171.835837540287,2069.6704246284335,12.474367861305526,1340.9738449052782,-1367.211339127348,1081.532648777331,-111.64438958019973,870.4227018358591,37.592658101705936,384.93109646710707,-1077.8098975804817,255.80401770776575,-132.57428912253403,-215.74416295486046,429.13493032302324,373.84996737218216,457.17371375012965,-15.887032695692444,1047.9297805243978,-496.6912507992709,-813.501001143224,629.4413773535687,609.8042080965482,20.918645517899094,-781.9543326054284,-248.020420474855,-690.9648580277047,-303.72490281217205,412.8724215521757,-304.5961489307776,742.2016247219387,-395.912606682967,134.47255408413707,136.9249166502412,236.5771005524052,3.60715167837821,155.9398322660702,-594.4506782723963,176.7898791718391,65.36159827837676,98.2617265190501,-141.45011528197435,191.1681110297158
25_1_0_20170117143909681.jpg.chip.jpg,8276.584645774768,252.91006187997388,379.66909226709726,1756.8412631803901,-1115.944269080478,-1142.2779909348667,-558.1774737789086,108.99663203105445,-939.4836378600675,82.044264990118,158.5508846247898,194.81622844177767,563.7802151169786,136.51131242673824,-845.4588849871469,-1632.974332333377,-150.69932150130157,448.3576137453812,55.65932236848727,-1346.4699052118444,567.3125894200582,555.7973618149863,81.48988777773326,422.47478053736336,-1783.3020878667255,-200.8540732875744,137.33647600509929,-356.737032345336,-178.40861380650776,-1851.9312808210516,-196.63210781138494,684.2267569611184,1458.7337615920517,85.13483875528183,1201.6642263493475,538.3068440806861,878.0735886684917,127.2004076077909,-277.37674226182673,-294.9579999522117,-588.8261983007765,-984.2465765834633,383.9885205968643,118.4170576999443,-646.0855804797025,241.46433176483347,1073.1903583634833,-652.5822762246032
25_1_0_20170117143916425.jpg.chip.jpg,-5411.740220918486,977.2406401996767,-332.4745289125769,-2268.038848921974,-3896.154789213127,1733.5133845943774,788.2866538181275,979.482286096028,934.781810394949,4021.192069493443,-1703.965598590141,1502.4006095800075,805.0294840616743,-687.3001809113789,-644.1911889808373,1854.5609115237296,644.5128099357433,2127.9052621932865,2174.571184991138,-1353.2667952943746,-219.31790782364058,-149.54148921594657,1071.5185672141736,108.31820712635859,-1227.1545545865408,320.8209422717548,-224.09472351661375,43.04640866468427,597.0890379991099,513.1156738884359,23.692099692765733,345.7036192908592,140.58006357429497,-84.6982031511552,136.9506246749271,-499.8964434965523,-304.69393085941886,-243.6593666964978,185.5332709991952,418.6562773198566,-932.513436458609,638.5401810170694,-578.7977088701124,165.19700635984205,583.8487057938978,769.3415067945858,580.9046267823649,-50.200934418020786
25_1_0_20170117143946804.jpg.chip.jpg,6269.43673004009,-1098.8873359167912,-155.5696869304435,283.26229469784545,-2604.088846463975,2063.128298111125,-1650.3178438635716,-3471.9498512241535,2380.122413214152,1848.6188594471,2595.32513100534,-926.6167158773301,-1276.9155817946757,-945.3382778030125,-932.3458151919781,-744.5675170758502,-2230.421679614202,716.1079989888706,-2039.9299294860493,-813.1292837608032,8.1507866002545,-283.0865015887825,-561.3670195047924,795.4035073345408,-1120.4489935586482,904.8678107465189,-651.1625425395578,22.49245903830328,1037.081342761231,863.7973955433719,-72.10991954150504,265.66505533085905,-662.1398149651046,-210.83661292217604,852.267168508263,698.8905331061402,-564.3358352789094,-114.75743494203695,723.5865681258769,1267.2471155355302,246.30156951004247,409.335457373066,-1189.6970764789905,-1093.0338802942229,335.95047956901846,-575.3330270847799,-1025.731187870111,-422.90213537672867
25_1_0_20170117145120563.jpg.chip.jpg,10086.776198234402,827.0156918063691,-2460.624185344945,-508.49157185803915,-1016.3324081604161,1915.6338840779736,-2016.2458277174517,-360.2414551641064,216.1416958036239,237.87872500044057,-214.177787586425,-995.9085183422285,1984.1515621373744,-105.70765439525559,488.35599682906803,-1634.5436017116222,-619.5846240177575,-1124.797716756163,-1299.9284839775157,-971.5024245741232,1476.4017020879216,469.28302326653136,-610.9470549920615,-366.1257892274753,846.6464768856223,825.9867662173791,-514.1276828997196,173.45614803950187,346.6118215444765,286.5535670599908,621.6143923315213,-84.03034908283962,-458.2140998487788,303.97694303647893,-596.358064495975,329.5095017677185,-409.1636043643485,-73.35983168253856,-370.4045221004676,-342.5055504102579,-499.3395013237016,48.76557149573184,281.3540561664282,-481.426735735078,38.94195651364767,404.74064852417433,-136.78347726982568,-296.9476656613029
25_1_0_20170117151946851.jpg.chip.jpg,-5965.88183170535,-1508.461126515553,975.0270382567828,-1783.2948820606111,-4354.50064757526,1708.5583796398446,-3896.331081373139,-3139.919060325295,-1399.4870201500137,3394.081341720031,374.54935484008263,-2907.627665671053,565.0108788703819,575.6842725961886,-2223.541491230902,1430.790424027522,-398.71181408559204,2105.276616308899,25.75465859996695,-411.90897093384086,484.85110796266304,445.80269960032086,-241.62740039237025,-414.56231778627694,415.691299068919,-1626.5502663408001,91.74424109499196,-722.9233783741898,-400.24035485053827,-2314.870869980549,-2101.9243194933797,-1395.9595465001812,-869.6749819080951,1225.4004884238827,-12.085438568186795,-457.8245446101052,-922.921233094186,-50.341027811188184,67.53079830831953,-158.72766565595512,418.98767205970745,1294.8694838684062,83.94490750670667,-24.884478481534593,220.53111582743477,527.1215676717818,-220.03031145309814,271.7916799620833
25_1_0_20170117152023187.jpg.chip.jpg,551.7413907836834,-7889.013297056236,4064.884381966948,363.1041198346507,-767.7637050621842,-1615.079893614376,2062.009787571112,28.201878310928624,2720.2148794026034,619.8449672900853,-13.803792725410664,-973.8439618366046,2992.7557367004465,-1122.5924179906094,-628.9700818116443,640.233693901504,756.9906796554496,-141.47029776626516,-74.97747722114435,673.4524541546533,1238.2746068586578,565.3816211162873,10.709196779363813,56.38377085676667,-34.017822359153534,-889.6401879786783,-297.5025783764453,170.19918993766422,-250.5347441097026,-411.00009722249024,-1122.3027603559997,-624.2297513582678,-324.6428930993623,912.215213983958,-638.193667201084,-340.87998081867494,-295.30835376749326,-447.32634872415315,525.4830850628681,99.87061282236361,-647.8131303157535,-556.5574661414247,-210.41458797304313,1252.2010933713277,78.26706801881046,1560.231807971782,-708.1769533311402,-832.2079965942736
25_1_0_20170117152038451.jpg.chip.jpg,515.6587065611436,2122.8319551147733,5440.525883373707,977.1834083448259,1250.8105869255344,1128.1348685376715,-1813.9324404495592,-550.2584451977654,312.35153207458137,-1049.0444212718855,-1749.7208534722588,57.89800512142878,1631.7602648758796,-574.2058367827648,-390.6064722803194,-392.55432474856394,1664.4450429218728,184.6530462234928,-817.0738018919841,-733.6041856491285,1704.2302009157963,-550.4248218226687,-393.6803829526554,127.49816160252924,148.3034020462142,142.42910151280077,-308.46637118517003,1589.3078743282024,1049.6102502928188,405.0102842849546,-149.55012295748497,152.86968357487297,685.0109758352323,435.3195501376133,-564.876458791267,15.62147035124549,1136.375924489748,-103.25263099668696,65.34256731862075,-1116.0868384330818,-393.9538942382977,-238.79377943950232,128.479811110316,-440.96468412603457,-170.055755389951,90.52132911845652,-67.28134658787852,53.92309874410001
25_1_0_20170117152041619.jpg.chip.jpg,-6077.386634729099,-3976.3819764880823,1494.4746126665577,-2836.729915163602,937.7271156606771,634.6258891046509,-2721.6678517077203,-2275.5474482296177,1765.8660718590086,-1531.8988237357155,2514.9503639745776,1015.3659101006863,-1938.102708954145,-72.14049855707252,256.0175662757178,-656.2697997027947,451.41404670211523,-205.10392673334906,100.12978017008415,621.7599248959557,-20.806201013331204,90.57093047916214,565.0691579392868,742.7759574250027,221.0604500111767,-689.39417407743,793.8196561628581,-258.3395573150747,-50.33263095291979,1051.0382331806707,43.122409940723834,-262.71284191794075,-60.64520371705314,-290.7112124691222,922.4648666076574,-369.6611207542229,-413.37094022855575,-875.3132605059717,144.571704137096,542.2787141983779,-47.67967493115852,184.27136054648886,260.4217733459346,445.1163054876926,-556.9250155899169,96.37111803902704,650.2545191287118,700.0990248183351
25_1_0_20170117182558966.jpg.chip.jpg,-1906.254035786152,1954.6824741094827,4926.28643523589,1776.6523507040133,380.6591543651394,207.11645668613247,1040.8074216432422,-1550.1293986611631,417.92998350171035,98.37915219219542,-1113.9555369637462,2349.9997020761716,-207.59237397519226,33.739360625949814,170.6672893782984,-778.0921569491386,-181.76455475504255,-136.6797951231379,-494.2123711664992,-840.0109126351374,649.2777225366793,310.83313232609777,618.3740201717417,109.13491121556316,1134.3010470669062,-110.28616749187725,-187.26509783956863,45.440107111834585,-432.9627266063637,-319.1781986408739,-444.98783864115217,984.8266456422083,-683.7373455100793,-103.52238159003336,98.91691640599754,95.47044960451268,-270.2557805211212,239.0707109723295,113.72620763728133,-249.0510017329147,-650.5275439329472,91.90925447723212,269.75449212469874,312.1787139098546,-179.80867053031335,-199.22841139680372,-70.29698345550784,-438.8211738337466
25_1_0_20170117191541627.jpg.chip.jpg,1160.1082919578598,-4761.201892969644,-1634.2124476370836,-2479.2360071159283,2830.723357047791,-1598.017193040282,-703.0975360786672,-2841.639774720992,1411.49996839569,2696.467077695763,-1714.1003297939608,-197.02596821596444,560.2465005731291,-247.36640396349392,277.425464735154,371.12302385938807,-1153.7646677662863,-1718.6576139323868,1208.4358207757584,-1386.6440683966714,244.79722003084717,-553.4534060943965,869.5235167904826,941.5297111128942,-1046.136389331567,697.5511479886763,-395.700579256823,64.70588318253391,-718.8502631863208,-719.0992380483206,277.75869169487265,-217.23841926450194,136.9105065334163,-202.88095960209674,-29.007231484000144,-715.0173458473688,839.4749322356844,-1457.673012019848,456.73521381629035,-600.5874682231467,-147.03347488072507,83.52380602882819,290.17793177614783,-523.3699180019989,365.37644486858323,93.1161494654167,200.833950029582,79.90440886448377
25_1_0_20170117195319237.jpg.chip.jpg,435.5639314350354,-5898.5812154027435,1448.9185329997315,725.2261794041617,-370.7155654345435,1023.5800987570778,1927.8341423516076,-12.48715426820396,-482.96532017415655,-677.2453081344624,180.0309852058417,-888.9949193579006,958.7277681528482,251.58430568030553,-129.46767011328672,1217.768477574426,547.8657435015037,386.8838149829364,568.6095656814302,1577.3742268942715,-1018.7833970153844,-248.6921800890602,-133.5809959463161,-1082.2421589795747,-1206.9613890771104,526.7792157548796,-510.98127481661356,28.86919338728798,37.50028444282144,690.135321665501,319.3485796700224,269.5513159898245,845.000678491523,-212.11468728600883,-776.7473799360124,205.0273730799617,-1286.9442184634552,144.03778440545952,-877.9463138861998,-450.7504153987558,-108.2010169131771,-252.15615785287517,-425.0729671748882,12.530086861310407,357.5289394907809,129.2719676753602,258.2324841144212,316.67285140069157
25_1_0_20170117195321747.jpg.chip.jpg,-4465.36733777631,74.603709025326,-1633.513150243878,271.88995852497175,1355.1577748238337,557.8920187359571,230.66548363185163,651.2573290779931,536.1361669661757,-293.4979925133218,187.3983750537271,35.756517324786316,-169.84594829659056,289.4849995052251,99.77161104687175,218.8438157188261,-6.423007561664735,-185.95073813736164,-127.3403710740481,307.5440710903411,144.1540431185305,38.45510259679918,-357.3537156851716,400.1515575206217,248.08453827658838,701.6081042300383,213.22331013074486,-1107.6997943899448,259.3504134013856,-156.78532621448983,-228.38617963855668,-192.12475607384297,-17.921588743129355,173.74507902912,-194.58469568943426,-131.71101115869234,-420.1658347716434,-337.9560617366235,-429.69183693212784,-38.20660992497798,169.38618018169097,290.8178656540827,498.76635326578963,-136.763271011576,-531.3647445489518,138.80424454217064,84.72972668811549,-305.77625928264064
25_1_0_20170117195324293.jpg.chip.jpg,-4037.8473840703514,-1542.3203015279432,5219.063337803331,-868.8584445239027,2657.921859604347,-601.850708797225,1594.1224272458735,1174.953861535546,-617.2963746555196,-2418.007489051277,1299.4489469816326,528.3076700331474,-682.0243850455623,-862.0365749398088,1407.7140530855545,-1868.0926339088,-719.5889158857581,1603.5655640355712,-708.3520825608069,-1052.6340851987657,188.72220727509048,-374.84754765449617,-499.4377339651167,-397.77662066579194,-882.4940680209469,220.57716075049387,428.27570625024657,607.3389423425965,-239.66516179372192,-171.19406798185335,921.489158015411,-1250.0527619319926,-417.36739155631045,124.16279774465848,-666.7375450402324,116.433615024772,136.32052333243996,704.9164978417955,465.4213249056921,-439.06352573660274,-322.7868651562987,314.528948914534,-153.46038447911485,-228.06756826326853,221.31610616244112,-103.16713659201626,-728.4376386074397,269.28256014913507
25_1_0_20170117195346437.jpg.chip.jpg,-6782.145631881408,-3934.4821207679915,-1802.2992048763253,-1285.9641333614156,-919.6499587422325,758.5113791235582,-2333.4632304393763,-3515.9199085306054,-64.76192472374689,1757.3818009304725,-2060.5548715821983,-475.0903110874191,-386.3100860675186,-465.8588752862131,912.8270734476458,-857.1589236950471,-126.67623058086922,997.4729540793442,-504.11553244151395,897.5923401908803,-1188.5140171113485,37.40154189669038,620.2078415739159,-45.61754325835282,632.3721459783395,-720.8567649817213,668.3539634986897,41.38517384404205,365.6327452446667,-881.6786680689801,-483.20289483815367,476.10535581281613,217.41289071177803,134.52821722296432,150.86721291614873,752.2712899036277,-269.8193671465294,593.3399517886941,-387.6660897748061,-174.3917776461178,1055.5484835967152,-140.83755469630242,89.49079854448941,-167.8397554626755,335.3221149951503,-413.2618126221768,-377.41209300038923,230.9563868930925
25_1_0_20170117195358981.jpg.chip.jpg,-2942.28645881074,-1073.321249199163,-5997.75461849177,893.0831699236381,-1340.9345789146212,202.61123886791617,-100.0829333853575,976.0647256001275,911.3784851803388,87.3991239157871,-61.15380493991856,-174.17627279856183,-467.0806629850622,-180.73032876902013,-896.3888894873049,325.44503422984565,770.2462452824001,-563.773543663183,597.951302890964,-1209.9955913972653,480.4089972250324,50.03162312913722,738.9853179080523,473.81263786744285,134.81746448977094,-158.46094081141192,-613.6974939220936,588.3534605057281,6.522000112647123,85.72793611964678,127.71026628818919,-177.87459343267938,-36.14807951548182,282.03718222569955,37.96149430894427,108.88138085935238,-54.18821645007239,402.8908526632608,181.862566162166,389.440561373171,39.357734469858705,473.7374591510408,261.4393263278623,-591.6628444317711,-137.87457098868086,608.6647610010893,-282.3731184486711,-123.74618006892975
25_1_0_20170117203811656.jpg.chip.jpg,280.12423552374116,-2545.957653135134,-1990.045100445006,-369.8349440315199,444.0304790871468,1445.2265537063383,60.346736769568786,949.6173740591667,242.95862377633293,-732.4396349973638,-167.1223941127799,549.2431108857113,629.6414398844369,107.80843720160425,28.609616716071137,-1217.8680412665055,-653.9452206475156,-1362.6721890976924,-494.83845073643323,50.499002551702816,-625.4374093213945,-290.53227420515407,1093.567200250602,-61.22228724108779,237.4106801186351,-53.2358038708599,-579.0152592953806,-241.80819283667324,-69.71833193548613,177.41747972194617,205.84309431385358,-284.84178745572314,-447.40511668942776,721.6033693297993,117.07572300816113,-3.7723313813846806,-428.3661794515185,-176.44157134258975,-572.0244921994846,105.3942888323351,-221.51073697501,194.22973465034798,-409.34475780258975,-402.58845171793104,341.33406793768455,-450.92338441795727,195.2368554291817,-599.5556517667914
25_1_0_20170117204147750.jpg.chip.jpg,-5235.184603842556,-1787.1929968401917,3990.530117716472,-1521.6699192867761,493.6821241223051,-225.7899914042068,1936.8889198874904,-1010.7964869066082,1727.0389695488366,-554.857779005674,-804.8009692862875,-80.66217984623086,1374.0182622537664,1623.097542954179,727.9991233450882,-1031.4482260278076,-1178.3242617568158,-329.2913348040449,375.5693309267277,777.813549091504,748.0592289146641,1516.6033932194339,-585.5206192000342,419.262978298141,-146.8370429913151,436.4537538900212,-304.41565297570196,702.2466910460587,-160.17450872073192,-895.731035624809,-74.45169073237493,241.51488226196452,498.47946122175193,236.84107752722505,151.94508893809294,-335.77554838677725,-46.039721073038336,188.64174994142854,-48.058907598183715,-314.1394513572444,-357.71847981058954,74.62661383874882,175.92750752366183,-653.6193108813768,441.70506761642434,-566.9773815477574,-42.045056116792075,-822.1649753470356
25_1_0_20170119163307644.jpg.chip.jpg,2531.5130851465005,1209.2258052174839,3552.1156328933857,1088.7413546257271,-1011.3208191593988,1766.6100911867693,203.4438326237411,-1010.0501362276998,168.0445767006615,1646.7832811155715,-875.1841984108521,1174.641813057824,-591.4767792338218,716.4850269486345,-47.02591213615454,936.0853377376997,348.4536177848129,-1458.2802250695229,418.84541688829336,-1276.6517580639465,-330.99123596209046,-135.88458635276248,936.9550248545397,757.4356673323331,-481.18156624739277,-193.03607039512855,520.0014502038692,75.96716113094381,-965.3360719856471,-314.3086744255738,55.17392663588379,1169.1406771397155,-485.4254812946199,-384.2929638526513,1169.3789723706882,-27.040451655192694,-425.7021948309767,-49.031723384794454,-488.7010453486052,-162.23712524015565,60.445984871369305,164.4917854723632,-689.270693569527,-398.7269141786434,58.470322616059065,117.84801313766339,88.78146176896458,-89.99953911920608
26_1_0_20170103180530224.jpg.chip.jpg,1894.67532783295,1900.7165965070901,1316.9659646549237,845.5157431218632,3444.830158027672,-2316.925024860116,3278.2017368406764,-663.1043346381646,-716.1209027404607,-239.0195164952496,912.7909268412964,-174.489077812066,-51.43392502537507,-350.37445976069074,-35.595578875438804,602.3540091680014,-896.8377696576523,365.8496041557363,-56.97857310413084,-602.6102291206435,510.556396069902,-637.9066748897466,-299.82046892786263,-794.4390755255768,1055.509514919421,-666.6237688312002,-647.8045708231136,594.748740959115,455.9522989615121,232.76881503204746,123.15375601261279,-453.35015076968745,109.00083570842054,1258.7866564838034,335.5208075001083,285.60373544463926,-42.60905503313866,213.03419062151983,139.8644796806541,-62.425841568272226,-9.64662264838568,-325.6938807036763,-506.1387035734858,-429.2691551089466,-79.95801705277844,-51.93310935267567,521.4000582776769,-317.89210841917316
26_1_0_20170103180546928.jpg.chip.jpg,-3629.8356748259184,4553.08222024837,-3568.4416240594696,-0.47685120117808005,-1829.7898157969862,-424.7320626938428,-839.8323397046765,1260.8303748448398,955.8909367367612,-423.2263807138716,1526.3170136027445,1713.2644251800466,546.9542694975423,-660.7999325585099,-47.35830022842554,961.5005256973759,-1023.3992230227826,-536.9785561560612,532.6520811309168,819.7791259317723,-1631.6014229755112,-682.5064622389222,-1391.734459375454,40.99371622490856,753.3301441298775,41.21946850830693,604.7491815265446,-1155.2925015652074,-1648.0043479517929,765.6730735066005,150.21034894276116,-6.220345488246074,-159.30499409157957,548.0324106946597,536.7353459443125,-66.73924447199171,360.21565559295135,756.1504351273157,129.04013821104374,-583.1344858177692,-379.2671504748291,524.1590202262781,800.1591249494658,-648.6781441028842,-213.85679892148053,-946.461004568556,340.63970309267467,-22.825079720164535
26_1_0_20170103180649464.jpg.chip.jpg,-2309.873867630785,2505.1171368417095,-241.94323997075517,-979.1527492614163,-277.66823164835694,-2800.7435079217576,-4578.3455130181555,-1702.4539239984524,-252.64327085537565,182.143811916403,711.0489852201696,1581.602538406056,1820.935589983301,4455.240545603779,1319.9173884596903,1488.709210424362,922.8522061759364,1210.9948893351298,-39.79637214904711,362.79449940531475,-616.6736667029602,991.2067783653592,1651.5908000476697,-94.49085100888985,-1221.0109963068146,1425.4036223522842,-767.9330713799233,2113.9076575484487,231.13693407278697,-380.10386528970963,552.0643403099933,-1683.2744505554078,-739.6091325707582,362.91409654541707,332.6632768089306,-340.22921432149434,127.55841437292743,-1097.590247079222,163.99363471073923,-13.816858750510672,99.2439278634088,-331.5660815293232,468.4311068349609,125.20340322385697,-308.9880990855018,-338.70438106195076,125.93710557526305,1803.5935639956415
26_1_0_20170103180946896.jpg.chip.jpg,2248.8760811112775,2163.6145505453105,-1786.7006356292604,-2317.437640259295,-215.6740095121906,-936.5420989316242,-1037.8630428832466,-1257.316994555149,-1912.7060093371917,-462.5260441422707,-90.22805880961589,-1259.3823551160297,481.7911235521476,218.27072624420114,-1374.758793515318,-330.4389561329927,-1169.8252265318956,-125.6020657278396,1756.0416821072554,-1178.77781649049,-841.1928680394051,-629.1197430432555,-351.72203707853436,1205.4642636913172,733.2783732340274,250.53269966511314,374.9974104871681,-330.2818047631009,-188.0569561773823,-191.97622932457273,289.82781793923897,549.5546254560433,765.1548296157289,1095.6177775895833,434.1439030536949,925.9001080312102,681.5898846628412,-80.81185327850046,-365.74810983634114,-786.5453707100563,-99.79525494844764,-381.2240157147001,-466.20406346776093,-12.566948748513983,467.57717531164565,-154.32947316066705,674.3137838960372,-426.48508919294784
26_1_0_20170103181326336.jpg.chip.jpg,-142.10577186996596,1006.8340772793456,-681.857760817663,-564.5915798726937,-854.1932274906295,3586.969564876813,26.54964114121601,-1955.1061616672428,-412.07308667464866,-2185.246354680933,-2539.0544156845326,-2016.994831983476,812.227937901502,-856.6683784717299,915.371124081658,-955.8820041983723,-517.2304593325812,-615.0170254489635,1149.6172742343517,397.065885618749,284.0886033769257,49.13677007367466,214.1173220538203,-801.403615266079,-60.31220766351514,931.7563673045682,-786.7796486519887,345.33492303825324,700.1484360757236,-869.3983148509757,492.1929921414076,421.3742741254139,-476.16839710458373,-428.629915917218,701.4905453587685,-501.72075767333234,-827.9414689053482,-588.9640273455944,1078.727169688561,-860.5182826603693,-166.7009511811615,-128.42210044429822,-1167.06176578263,498.8744286763203,-280.7136744890727,153.0541308037071,-202.2075633300146,502.33293469419397
26_1_0_20170103181852617.jpg.chip.jpg,-2480.318523627501,-1723.6250103899404,-1701.4729925826932,1624.1923062703843,1098.476601575726,1709.1105758146416,-2504.8974630271423,2712.8489486255326,1491.8119145290698,-1421.213829716444,1273.992608811052,-925.2613679321311,-2108.0964912467603,-1768.90081988575,120.07287256192173,-210.24037458573846,-157.01718762855617,1831.3609380216612,-664.8967323647737,-396.51550153181034,-64.92783532354697,1647.138344073193,-878.9170546753609,-66.16393716952008,-255.54421272516825,70.78122853715284,-402.55848407379426,530.085798468643,-1094.6492577598121,102.66141312518305,44.41505604496127,334.9896848060416,-206.4549145683174,42.854016047594605,1340.1605370492953,668.5182301270548,-479.6984402231096,191.6248044920256,-125.40554011530027,146.5677955745006,108.0783620004717,-111.05514769996181,-630.0386870242726,101.25919127625157,826.1910873179306,14.988665035291621,361.7073629282159,196.99201946204823
26_1_0_20170103181926881.jpg.chip.jpg,-3065.395256383994,1018.3935813980587,5247.6926245165505,-1842.1810402912292,-524.0721444627396,-1696.3187861354738,-3116.7088848078565,218.4392830785782,-192.08407160985684,-540.4944012600329,-253.34100600754223,-1879.4893133118107,-1164.8982863985138,719.602422196715,1151.491273527366,-202.45238022658384,-63.270303944813314,429.70160951275477,-828.2547942831222,-1000.2550506988407,-139.2006451607019,472.77115325203727,512.2276961177796,-191.18153049046583,-529.6400924490126,41.96854225176991,-1287.9403124554808,-61.607978371782906,586.5799178068946,240.54606927694329,1224.5602676335295,518.3360313660135,347.398666426641,139.94437958824682,216.25627833682975,-168.20107380301,370.56542116413164,638.2472450576639,-143.87878184720196,265.08009009211526,238.43752432315193,-594.2347091931517,113.83904124988416,395.64255072972463,291.5479743125743,126.566424944798,260.8544723346616,-612.3309435165378
26_1_0_20170103181940954.jpg.chip.jpg,-2086.202934208747,-2410.329027171961,-1052.1352601469505,929.1161193855983,2381.705803250458,601.737968058489,-1540.2307169961969,1063.8901602665055,1083.1397108118072,359.45455847787196,1493.1608711508793,959.7697991438273,-905.8657670446423,-113.48386131326023,-950.2376452631055,-118.50666860441775,267.08681907466723,-713.0638374913808,-349.7289561697709,-658.3221879580718,1216.9154448175009,-292.21115063410224,148.0406736573911,-9.571065264513438,-539.3030676461957,-233.1762200099822,981.0910363599677,-174.95667511831,184.0014515332668,128.64868068584335,-386.1231582358702,828.4825762781782,-50.89993332670443,213.618446955812,83.77501965338197,-466.7792985271578,105.7041370276269,-72.81463047750067,-645.0451538270747,86.23666339826356,-474.87628655521377,-110.85448152891108,-16.34427205992539,-780.2917942373788,-402.5536103515794,80.75146658681093,-617.2501978951801,48.25127353714915
26_1_0_20170103181948785.jpg.chip.jpg,-4378.126483129857,1079.4628266016405,-4228.955170146372,490.61049740919856,1375.1740444215986,195.26953307570764,248.8576081491417,1032.8126580127976,-148.20323009996534,835.0988539147302,478.9233115344705,-442.1216454708836,572.0585450771631,133.92698044103315,-1095.9480029720885,-738.993142022749,176.24914183360718,-1548.5062567235227,-114.36507863773339,-207.40757001029183,150.83889393134305,3.6967036372937176,843.9414630274925,214.78769173686862,522.8348025983161,175.0944495278091,38.400533299635164,408.0341139548673,-980.7785956874036,788.4586094607455,-108.15676428175124,6.790267915959069,-781.6598627819955,740.5672914307519,141.24911879450642,115.10378154557753,750.4029309335167,-104.00043507511971,6.587440391788097,76.25988914051126,-223.6717509011581,106.19893881074489,-177.87893593919188,20.33242383063483,-93.14078201935367,362.5604816682813,196.28589849477027,-446.7210286762184
26_1_0_20170103213110260.jpg.chip.jpg,1143.9974862626295,-2281.504901766577,1876.2426783788649,-89.23310839468193,663.0249517688012,996.9499314961379,707.7228170389577,1004.4853257448974,93.54296714486499,80.13140598693198,-877.443030482427,-230.41748382992287,-206.46150003152673,-121.8530506357524,-1105.8703790333116,786.9740213815371,-77.94425752530657,-507.81700739379926,-42.905610715473344,-20.26710010776984,-571.75856734139,-358.48116846679955,532.5540004420602,71.9899336800847,-665.8628048332627,708.0961268274602,633.7883548739715,-116.76219698617794,-194.38216811257777,-281.93622860004575,439.0722597195302,331.3541595383211,-295.4026807793669,138.65707738131624,250.1751686616847,-923.9867872329003,-479.5351320811945,-650.1221382684656,-484.576106345648,410.14126971245395,-418.1737517585223,-129.16675576859475,-34.82504862279925,327.33728061530906,71.32393486204447,-829.5820186487176,-71.29455692046551,-293.4436606143834
26_1_0_20170103234817732.jpg.chip.jpg,-1614.4676092285408,4123.589967826951,5157.012125693949,-79.12264159442219,1193.6543450024672,-2601.344702068276,-830.3751793531079,704.810825311868,1334.971176412731,1297.5336740987495,851.2799437538971,859.9948985330125,7.258819440906381,349.2599071341055,-831.9104792456724,-1014.612011460104,1022.3601654174138,1008.8733786090016,-1518.929847324197,741.5591904799934,1083.1308139230518,-127.5858696081261,229.91582526440166,444.8588140256548,-754.6470719033359,-404.34721648161246,-390.50760315826886,151.1780409122782,403.81638853725127,243.38042771142094,-160.78665129438264,-242.46486626949917,217.03086048993214,153.62944920617133,581.349091981442,94.48444660582973,-848.3987334850618,196.53315904148812,108.46894463955887,730.9566468807499,-463.13807138262445,310.54134894726445,83.76754182329613,139.87170745503974,-266.8953439219316,98.12406503761632,-157.75082577995767,-496.16561386517196
26_1_0_20170103235707476.jpg.chip.jpg,5706.345528165862,1853.72528056789,-2859.142944557039,1265.050346041788,100.13642178266947,-77.68543354143758,308.9386170639543,-96.26041634821861,1668.1174172462431,-1016.123287874059,-143.78151308423529,524.1311269230014,324.96800977760694,-42.6041697140939,-676.5499338828465,-27.69127334524906,-396.42086536480474,81.24127959335146,224.67528811928003,212.06906041264799,303.57370542501934,-23.707184635420518,293.6252304979054,-82.98369860068983,206.4100815022777,-360.5847458868025,-487.66368395029815,-0.019166341367691794,330.6641676883389,-455.6613538712039,346.9408488448826,228.5175539670682,-637.9972724621248,364.7833474295871,-549.9018705019336,-593.0908393442417,-748.2303407607243,345.6517881587154,110.77675075460324,-231.16231190114158,216.9794948147839,-0.2168770943002638,850.4776491635434,440.17292724479483,-121.63120888046114,-142.44704535957098,286.59331673032653,7.02718713335597
26_1_0_20170104021254429.jpg.chip.jpg,4089.536424948275,-591.2066922158075,136.68502904566404,4750.047233723553,149.21910786319967,-5534.554071231141,1467.3762768685244,-2199.314401296375,-2385.0944189496863,-1658.6710651201354,1538.715547671327,-815.534248757979,-273.7515197526756,448.4843786974806,1632.5754412194872,-1287.4352949597353,784.2062973873593,-306.80474478522217,260.8614696477751,-724.863333335854,1928.8197363566235,-1800.3743991978738,507.2769714870952,608.5208229022212,-267.4654072531774,-969.9908104333845,-2364.711919200009,602.4730511863384,-1786.3535733676463,-224.06532345925652,259.381653487629,-28.434098748763617,-166.20631475565173,-668.9622257194615,832.7472576339743,-585.5263716625163,28.922802317498473,-820.2108139206539,-1594.7164082935901,155.25939596549856,-619.862073292717,499.06739708092687,-886.1238624198118,456.9138355513766,-1093.716211811215,-1.688944827902051,486.28361629204034,-297.2753280600912
26_1_0_20170104021504132.jpg.chip.jpg,3420.0708105062495,-1328.5639538991206,-3805.124611127153,-9202.386719835567,2098.005967033439,-1013.7903861475259,1065.1029712321053,109.96286568314694,-2854.9167673493102,-1003.143245363654,1015.9310271335195,886.8916150201724,-1540.9836625532548,748.847965712571,-2339.8939587008276,174.35483608325762,-257.1993237168684,-2586.8013323318696,194.442914100085,-395.89063813518516,-1262.7976621530556,917.0064774978184,-1150.6428651032666,-2457.767739168419,-647.9643215500467,-1635.8829287339424,-1654.4710145937943,2055.9554861546408,577.8851325857161,288.30902812228425,-130.53535349294967,-216.43524413865555,1778.930884385497,143.02588117637728,835.5221508564595,-373.67592097380293,-2452.8692764941798,-653.11526361462,-1067.8166840508038,-463.2831032986348,1409.3520252293838,466.89162370960736,1277.8426477338405,-437.98325103636387,-801.5305962610106,391.50379460792277,298.39284421285413,-44.34919223049404
26_1_0_20170104021534429.jpg.chip.jpg,-3210.8551929335945,2859.3481293438726,3284.5566146246,1314.1187837153461,-1422.6409082738676,-466.99103568485305,304.35825310028497,1343.7621904229122,-1268.5829904503203,-613.2684283021229,530.5288475858395,-987.4079383341733,-1681.7216305086342,237.0823598104614,939.3978248302967,-1162.7565784407432,1466.6641603750259,-203.66643366823135,-111.72346221661408,761.0523380858181,-142.4331827035966,-2127.780074541844,630.2987710975325,-943.1034979964564,446.6442403178324,-110.17090789723721,583.0387305581452,-1358.2245382938104,2499.972113175696,-664.5368613662522,436.73189277131286,317.50998360173116,-624.6124700725944,1552.167217325832,1717.7398429643506,-577.7232293825016,309.28683027554104,-2066.63104399331,-1370.0595786175045,1424.4550928710828,-920.0308371193755,-739.9072058445992,-65.42023056598872,-565.1423273219543,501.20421916420554,-47.70124094616601,-667.9584566413588,240.66594273191356
26_1_0_20170104022424245.jpg.chip.jpg,3551.644683601795,-6652.049976415127,984.8715715932894,26.788010459599565,-2900.881011203682,300.1147568567872,-1574.664041541937,1627.2651351391512,1392.7225600951108,1610.9956677111732,-959.2754068720873,1787.5059324294289,-704.1000140587785,-797.6489031090016,-213.92225514215554,769.4745909848423,-57.54706367180759,-291.0590233714659,1068.1372160272751,-1240.683031170134,255.01122493776782,423.3274530981644,439.52872371170764,-17.054785216620655,-439.54944541615714,-7.222635454822369,-463.32977871407473,-302.5918119863596,-12.997021415654581,-365.17826732517915,475.35266436344716,872.9005412539725,223.9365175595576,-464.9464860421247,-449.7338932205216,397.203200903728,-229.74414679255608,-236.18995982006444,-174.18982198694235,-240.03481013429223,277.14729856130543,-139.18759673191593,-504.71474320172206,149.06481128761857,300.92316640695697,509.8303837045061,-166.432178609132,-141.5294325589541
26_1_0_20170104165749289.jpg.chip.jpg,-2357.0607639096766,359.28800924486274,-1119.6249177661496,1536.186618156772,1671.772742446355,92.80573563679042,994.4202252392136,1799.632162324423,-1336.10715337523,1591.8719916256189,-2254.7780425401347,1029.1029781229329,807.9260592154008,-587.3068359090786,55.26278202262909,470.2272960898727,-609.832440189344,859.5707914401646,230.04554901960088,-669.2095513080845,-295.5322947777333,804.7378319708239,-543.031100402034,-798.2348940350417,-198.22774847719583,-271.4592844960699,-213.12779035407266,189.62674314568628,-264.81363111476077,-200.330560759554,640.9479610743884,-131.1991193239303,-225.5803266533716,-286.76325894239545,-61.91808347731038,51.373827471404546,75.82662219962481,116.95385335162295,-166.4901663147149,-103.1628729867181,-340.2930761520175,-298.8246524122347,-266.1030376614175,86.99022562718197,-674.2710403903412,-104.26580359359423,-658.4339339855912,-196.63792247773196
26_1_0_20170104235427939.jpg.chip.jpg,-26.065018608804678,1407.9198505869622,-31.287997802790528,-893.1079065809215,867.4988749396301,614.3349977506283,-214.5429416602098,1433.5105617418767,-117.40601919250749,395.23424515673935,-746.0578360362358,-1467.401841767057,-477.2936116930067,-283.8945459366016,1296.8909994037174,201.86401709998975,-1442.380094091825,-1587.63825737326,300.846547602498,-131.6319132472103,9.044306522045842,-4.040731655195973,202.57223218727052,-467.42026820112056,-961.8683439051666,68.8854349203932,-800.5019387421286,-589.963475397553,-683.2904297956676,1182.938615775908,-1162.001450120782,-813.0577319839491,591.7070332766334,622.1695025596134,-666.7855706430672,-791.70211910431,1391.7690653728255,-644.7306127062759,-1139.3050710592647,47.55425847013467,3.456581440202159,-736.8249687492525,540.8398947786368,40.55644627866548,48.52522027374843,-21.327829052650824,-1163.8004677270596,-753.7842920993913
26_1_0_20170105002839534.jpg.chip.jpg,3052.0980736454444,-2338.6761911125527,8050.700448294846,310.04720027622363,403.49161182884853,-4108.5936881530415,1926.0281092685834,-1428.6474384347057,-507.60349922142314,1857.4845873014212,-1103.694013877634,-1181.6115396863224,-1558.1410771316732,800.6398625249565,-548.3734912052288,610.0302189028608,-318.4620332081633,-1481.6066856200962,-716.971128114628,-420.5963217627553,-2050.3312970730476,-966.0253811282681,-1312.659615469843,1702.80894645394,1312.5708550983427,10.505504294238406,-335.34177329936887,-336.65748736038984,378.28082457707757,78.41061000320673,285.788316957188,-484.0284803063138,-391.271630982379,-370.73111071969794,657.7107916925522,-263.45208685564313,173.74877878857302,-182.31421840972567,-521.5457239425482,382.8198035058907,345.90307677188196,-580.6644929137694,-1078.9168289122567,196.62244545522384,-577.7907773276364,520.555498557769,-306.1814999195889,-122.28133440148848
26_1_0_20170105163517523.jpg.chip.jpg,-3598.274033443259,-2385.5713117925197,-6682.617650053926,-910.836050077617,1493.1512620971737,1841.2040168269489,326.8208888431481,2173.069536563932,-852.8675339558434,1182.2557062565213,171.75501643478268,335.0991443789709,-126.09848148023676,2191.469399111299,-467.7434196684956,1104.5372183277402,-1367.46494412065,-460.4574529414507,-799.4122964363784,235.1090558432604,-208.12132511297366,-184.79296731481207,-89.59162351128366,63.80543322017381,978.2878650800336,74.40343818618763,900.2170830282523,720.9990592331313,-326.3179609899076,-174.1918852241159,459.94495545195963,230.81356163686004,913.4185879216175,-361.6409877869511,-779.0356082041953,596.5028291626958,79.4278485882364,-371.88609364598915,-385.20083221308147,138.78604590828107,-310.9539617905618,573.0879402367251,264.46485583516983,260.96540743202337,181.58035049191668,172.3984279318685,448.3532899400099,-303.4078330949903
26_1_0_20170105183644799.jpg.chip.jpg,6040.527703802295,5149.27598591041,1417.5099949039636,-625.8624780313523,-1106.8803527281304,562.5538357312918,-1444.0028433149007,750.1673788770211,3338.0659019014697,318.71880291226057,60.792218164293615,1766.203675534701,1056.8289832301357,47.70047077223529,-306.59299776052234,-1221.622300077688,-2054.116133932085,201.57273587968936,311.7667526113322,1116.7944587223074,-278.3356944521403,-389.0084487105963,-676.5291528796816,1792.52784349172,53.99592541639933,651.6920541902588,344.81049160980234,-1063.821517474148,18.952268313858337,-937.1839637096533,-922.1672137208294,-1203.6777800085688,-1338.841322058064,-1324.4613462105635,645.9855665770004,382.39533867010886,889.4385009018412,1575.4447527340521,-205.8961095591748,-188.4340358068194,61.779312827360435,-235.1819391026525,786.492474018726,811.4270946479863,1037.0503668197896,215.62348161196266,-245.52135108094132,-452.5813806518553
26_1_0_20170109002602686.jpg.chip.jpg,-2075.4833942421697,-1599.2657311010555,-12256.393551287167,197.48806484416255,-584.2177136312667,-1111.4867620124037,1158.1704755341036,2283.6352070402454,681.1055031227133,-522.5445126737194,-176.2108427479683,-1062.2219328033677,-819.6941557824146,1605.0841082904014,-306.0706453597709,134.00700510026644,483.3795505636453,-466.1250091536098,639.5951966015523,-253.75759810993318,411.65046104495127,-1445.7068128568305,750.7690782776265,90.06481618788436,-170.0787036586447,-119.7548370193437,221.74993815538872,-613.7079561298508,1077.563030539687,-750.5863078318586,-556.7712203860734,724.3422232782872,-153.5150192117654,257.69011168350454,-305.6512396120452,-802.4887000335482,-56.19110028122528,43.79940037436506,985.2153700242217,-31.000802260483674,-49.84314508053676,1.7935285194778423,-327.9113792280991,-716.848287153478,-324.6362136939746,402.08441668985546,-53.873139131309514,758.7369641775315
26_1_0_20170109132910372.jpg.chip.jpg,-5311.770332653592,1010.5305513001009,570.1604203592937,1338.7447520268618,-175.14061744178827,92.44538567893966,-1372.7253791443568,-750.2370269459105,1427.435639836115,2657.143945958316,-349.0653542178072,716.1982309800721,2088.660654528112,-434.4990328541681,-138.62979645376552,472.0421917865721,209.76486239311512,-89.24383928621144,377.3902133756178,525.1182006363213,280.2169167923084,839.9100802304661,-123.64661200071569,-887.0157611560601,219.7037223941282,410.6415165874151,-181.56595968584173,-477.52985853377885,-225.2821381373297,385.7304603960958,601.5728799372215,-493.0225195718905,-199.82522299030995,-563.1695435051374,-399.1915124230223,76.91488564863882,-8.59519562806268,782.6564985904661,-533.3199633923468,-211.2754300148106,64.5738287003219,183.930004668782,-103.72647688140371,44.17747467849889,315.97270010024494,-68.93849120647401,-89.19187585519019,-979.7151466591098
26_1_0_20170109134235854.jpg.chip.jpg,3281.457139511737,7724.1664043804285,-3529.54911774645,1856.4510122895708,509.56807625022594,4182.004918552814,83.8474366470055,-812.0197533700167,-5.491286614125978,1128.5467813191804,828.3746546338132,507.25338823118494,959.2865229083438,375.2815353123761,320.09204447963765,-1067.9312371720696,1026.284565343687,1099.1803854777222,-1048.5359755149293,184.55891297438131,-762.4451667399989,1059.099320628724,-611.9630510534569,-279.2328911356269,437.87662519766775,-743.9399208839172,348.7263632694712,392.80665274894824,-308.757628017219,-502.2196250132854,431.1683891169216,-247.249771298674,-0.9815882472756561,-971.9323158830447,-123.74227170966691,114.46720949607283,-399.23355564900027,-1227.4919600878948,-314.67106290372516,-288.89459068703917,-186.70409021350255,-631.1856974562817,249.09318624619027,318.47900862061607,-410.66899734754884,466.6246214523907,397.07337150865175,145.97736188822591
26_1_0_20170109141214949.jpg.chip.jpg,788.2076958028255,5593.786211894104,-2820.434851922255,405.5293857382272,-509.61940849866886,669.0166717812775,-325.71647299571623,720.688462228034,1621.9412527630418,552.4659795469231,295.8737105961976,-928.3432480868163,25.188467863925474,536.9940580161476,-297.4265272042704,-325.0396752024156,703.7191960782235,452.10021878842434,88.89808500891766,443.5579301513816,276.37582487999094,325.5404602190546,-159.3084453629959,-520.4086510398248,-376.4066819640986,122.2120668708301,236.86271361080645,-452.77259837096335,-144.42344647684612,-748.6716983804181,-405.19331550170807,-69.53207813424494,-197.3943354819538,-115.28258906956923,-119.63125020572105,337.67888567685003,-251.00485267337908,179.3955499179734,-129.12416058313667,-726.6048737006322,-365.2493503493064,-40.45414979480081,41.15295624406593,-159.91844199461693,-324.81681781401676,-212.22679491043587,174.22407037813892,-28.08044100820848
26_1_0_20170110173815028.jpg.chip.jpg,615.2448652212488,-422.8339120299644,-675.8719008533178,-424.4630859540845,2241.4868549341554,391.76419668298615,1021.8213104527827,1796.0897088544145,-2245.5494848104613,-834.1768425824199,1458.7954474501096,1003.5904341829121,-1392.7131390828367,2185.9403608291973,539.4562133581694,607.3701811666245,-964.4612905283444,68.84871491177006,517.7203816017524,-410.4148386076669,-680.4904694970783,402.35838056606536,-245.88761265857713,214.17610090478084,856.1726131901818,-1001.2980679966946,-564.7951349847083,-306.15082359527605,550.3712696153938,-269.53410216862665,2.584135454020311,-439.8641322573937,373.62860763655425,-1174.0737882467006,-572.8299016679308,-126.6394566573284,929.9128511906546,-217.28020032285448,103.56914604123166,821.1071143050444,-58.071283512440424,387.6040086481488,-166.9963836013745,389.15746168622167,180.74922240926716,230.42018818861098,-1487.651331623158,486.16466762058496
26_1_0_20170111182452795.jpg.chip.jpg,6256.440338446241,-448.9086794902363,1067.330607175654,1272.9224851060267,-703.2951732544699,-354.3499026775412,-253.4458147061644,303.51826408307664,-285.36731901248953,197.15848064178056,514.7624334596418,1512.1710416465585,-996.8859161197485,-452.7507675786401,938.7519124729089,-421.8098442407826,86.23310354914075,-699.6800317762941,-172.4739644628108,-8.193803614459252,-36.544908403664735,792.9678890223123,1099.2227877635605,524.4176996542783,-113.56951086866859,-183.57680938629136,716.7473735175344,1308.2495755774205,161.873429299472,216.33972682991313,-330.5477300017483,-460.210279514288,-534.1499530532922,160.88505852678557,409.5459246191806,-7.668238153293359,-147.03478526183972,378.3348647554348,-273.1790243810088,-127.37695235828156,89.17288494494113,-104.56526850326125,-313.8660402140242,146.1110678881229,-121.33451732664412,172.74775014024786,379.8878970413986,142.62878820148035
26_1_0_20170113012122280.jpg.chip.jpg,2350.794036942571,-11.25931035307979,-2033.6887948356657,1724.2713882639598,-323.2741194805426,-2004.76923674275,1487.9290959270102,-903.9058020690228,94.13807994983179,-2121.278883708688,1427.331254116012,223.3141006494546,359.2841231506224,-717.9935281421383,562.7872399547903,-1805.3216994105921,-1493.3010614206996,1219.7526295368996,1417.8907545225427,-97.22088104568046,91.7358707774136,-113.54178251510793,-678.8254665673162,1440.35688943386,1296.504421910886,294.87903769003196,362.28674736124333,1202.103236756092,-95.16082855051214,160.83707195090068,1231.4113759004372,1565.9941966023728,-227.1652873415018,557.6901123210586,222.28937108416818,213.1172080751405,-295.18321428954306,-122.92864816677807,-1308.5621584372727,-635.9747610334963,495.147872619766,-86.70817940275899,19.05004080049755,-189.78466412419084,170.51872419970212,637.067825880915,189.31874257540684,47.230402533567506
26_1_0_20170113180707130.jpg.chip.jpg,5448.358864856502,-5448.104568350488,-2158.8086626771133,2075.155739231201,-4207.194063046937,-5783.53104732924,-1147.9031354231402,596.2023844133483,-123.406402388025,-1658.6763644902126,-408.0200058529754,3285.0272619764983,230.41594424737028,-1262.7410525387384,-592.0914844811012,2285.8132447440325,-225.63364322025723,-126.57645629909437,1213.1339012862281,-238.23210816055771,-149.0507457208537,-455.4433151243323,-1671.1504170640862,-281.9375181871789,-226.56084230963066,803.1714621116217,649.2459870383803,-904.6011960262919,391.55531690503955,235.76503532722293,310.5267601913639,520.4462584361289,1144.1172516851723,1191.0624772964775,243.2539876023455,-422.6381957759845,643.2697000463069,861.0113489068206,337.5634934342847,-146.4354179041214,-42.901426662718166,-226.98344128792687,-108.88253457937931,160.4336098367063,181.9562798956749,-675.6888226395025,-185.178161687174,-79.06695311256647
26_1_0_20170116153823864.jpg.chip.jpg,-6322.194049979125,3486.306128109386,-5463.419081815117,2194.7113168134542,-1137.8646033890636,2165.946349660589,5188.935868193932,-3832.722670094699,-1511.166776520602,-529.1272280758067,-1285.5615105631869,442.5947883245425,-406.6946033030192,514.4435357467728,-2562.258044206235,-813.4497941221139,1386.5683547306123,-390.9089506376343,-631.0872141153255,1119.3458918826161,630.1735977338789,-1270.3125303596194,882.4605583261291,418.81294900891135,-1020.7230738613989,-1021.9455900479555,-323.5970017088853,468.23553967648655,50.674318683727826,1213.44780274104,-1162.0818894335334,712.7780869027206,188.14568065090825,-784.6909921816165,245.88282172314527,1353.8990913036582,482.48009134689084,1003.8104865833646,-367.15530769058984,28.59203424491683,2.8003335361187403,-259.8632133487469,1496.265134841523,-453.387196807377,581.5705228846207,338.63957271338785,-583.491506427728,464.5341420083572
26_1_0_20170116184526152.jpg.chip.jpg,-5133.208238273412,2729.0991130324314,-2041.934252410778,-179.96876559224705,-2228.3597104006312,-2293.106276529826,-668.2910162127046,388.1251164139814,-1581.8026132256177,-2951.186450074394,-891.0829843069703,-122.91048669570714,2017.3522757826972,-1661.9120070194238,174.63505085331616,-841.9650781755983,-386.50511173355926,-393.4143397213588,712.3265163439748,32.577733639697456,46.68477263283737,-252.91137927156174,-320.15317949572267,1213.0775587580567,459.2796541107561,872.1944949612162,-57.70207266730281,996.483252924583,713.811993635813,548.2173118805094,-309.6118614171706,894.0627331156908,-36.48094519380666,139.60828677833766,-232.87143898809305,-1129.5779115851108,-660.0827726663364,-732.5271409195083,-111.31277622813974,982.4870352707281,-342.7432006545835,998.0436013752785,224.08403288340037,34.554049967065495,-4.869055050897007,232.6838882817967,-87.10599407317943,111.95490681454793
26_1_0_20170116184549800.jpg.chip.jpg,4179.337666918802,-2933.856652504769,-4903.304924949684,2191.666421543668,-1893.6340624232864,-3768.7882023734846,563.7455990620965,-1389.2014336255806,298.422222476522,-436.45598486079115,69.95667880694614,519.9630256271382,418.91627284206425,157.94805049840082,420.5736427732238,-1098.0406801369777,-663.7049095190773,446.6715064028675,-89.06406009413077,-20.247539813777767,210.6901169014935,-450.46841817256967,-1132.033560241815,494.6778068185302,-377.4545847799571,763.2537133787814,-235.8812679397323,542.2150753690664,885.1092375484624,431.68225130487696,167.90993730985787,1064.0175671653274,-297.31125015314166,-150.46816775298018,-210.24881321044393,4.323122473677506,-578.7922492547839,-174.36149122502772,-187.4622462870449,201.67462511502518,68.71885760232846,178.5501199957222,-90.22705563403356,-221.26597469276683,915.9036454932685,706.2761007443711,163.76859902162508,567.5857875449744
26_1_0_20170116184725493.jpg.chip.jpg,5441.395249148256,-1250.335583252904,-35.2446931279888,1344.5215738302709,49.15882561141439,390.29511303520735,-362.0133204005423,-381.75624989791226,1176.6379053277178,-350.90095208052867,-173.85623022370024,119.05502109300532,523.1177633098238,603.780991472425,188.43974946636135,145.8993767556806,750.376279534452,-460.4336028246456,471.690304939142,290.4810558181535,-169.3649934111811,299.37340853820615,582.5224251700157,355.15767390015475,148.69419178228355,-1.821245677381543,-165.5149902728436,823.4820950972841,632.4038888736425,-375.5343006431527,-586.3980949021118,-73.06918578173291,30.09397969472036,394.6750103338321,-219.89757904061756,-936.0418974563319,630.1658389432787,158.78081285827753,228.05200946768275,-175.09825234950264,-48.48397571330815,-109.56243978693011,-166.80393164541513,-404.3350182967601,-658.0871697877212,95.0350698930075,-217.18087127108362,-198.5424912011099
26_1_0_20170116192554607.jpg.chip.jpg,-4552.517049799766,-7368.382152748192,-2646.3514339523267,-761.7071567749184,134.78419773737693,-1112.7997494373599,150.23436204574946,-457.3258770863633,1657.6190084283419,-813.3978522256219,-173.0673228796891,-2104.8878558163533,1047.8177285153067,-260.3144618696069,1281.6423282712908,1210.0361886869625,-508.1680541779405,-920.0501354089934,-470.37474862033844,65.84864362409314,579.2902093877394,30.4149358274377,272.134590544184,-388.1570713793581,1233.1323380349704,-260.0244594956639,255.64212782255558,-782.0519009140842,377.01990857210455,-1260.920297565742,56.02670678214268,-151.7950799376419,800.8036353734329,7.8247626678859135,1334.498617535885,355.54148793475736,-725.5497840660978,-392.1576420906215,-38.68707601391831,132.93074950587635,438.06703181632383,-171.1796304039012,-150.7997387189494,174.12137560212233,31.651946117442368,-721.7664787207096,-452.1659749966346,-949.6312058817317
26_1_0_20170116220831323.jpg.chip.jpg,1322.095264793508,4780.855501997431,283.8375427285228,877.0013526361674,-1302.0991626688374,-1075.8042111075104,-1170.7807695207966,216.98542498029857,1016.981004267698,705.7906199669819,2125.9267458089234,923.2585686234181,385.315006261971,-737.535146688493,632.0477460607295,578.130910712093,1107.735744601206,-587.2885764307573,1000.61386997726,1192.5514366737261,248.52314622756086,-327.89425142235024,-1304.120603218026,-856.7600557981597,-777.2562937722454,288.1291840318601,717.3004319546419,67.59856146338568,-803.7540720631057,1437.3393053003238,17.3326379774875,-166.10458661218723,-325.5670136105234,-109.25443130344699,992.4830092380603,-599.2242421122678,-108.27487613794548,-55.71502349022346,44.55071714328665,-13.333057167491457,506.8230924502983,498.3729318147009,-159.06967473005344,-103.994866496546,74.99587004149353,51.4521396978578,438.9436924625538,-220.30267771746998
26_1_0_20170116220842573.jpg.chip.jpg,-2663.233658281729,572.3195668685934,-968.2910463646444,314.7426923972067,1901.471105142486,-396.3484679702145,-85.7589746744504,1353.9963427599782,1867.2626060961964,-589.1537011904929,904.2303251234704,674.7303721188489,-1216.4931120851425,-949.6850822847199,-435.20474563111287,-70.66916317834354,-806.0733394374556,-412.6060006686503,-559.6741038838774,-84.10588251495032,262.1765915532603,131.03005374619116,-170.82437400207712,-91.73389444024635,-255.0251188364602,-117.2705702487827,-189.16379878495945,-279.0074607445121,-209.86541601089368,1053.6150188540892,-367.9048668439138,-251.40903694003654,231.4431273529603,1000.6502567275277,696.1612935314869,-540.5281345674463,-226.98264280135766,-475.2892842400815,-162.40296437281387,-699.4273166574455,-679.4585659855352,-134.5945682186914,139.64690561586767,-26.30545438119301,-80.27206511430033,-100.8875127522664,325.54652228106045,97.63531616905917
26_1_0_20170116232337954.jpg.chip.jpg,-582.2667787831496,-9491.258395102406,-828.3584946511847,2738.039469393799,1178.707570852278,-4162.009099467218,253.5531656633263,810.8101102756516,-1118.532293949995,-2913.61517072469,-254.91304051014944,2024.4818619709285,77.51720326940443,-839.9113788130686,287.49067635852896,-573.8035766395531,702.201024710711,-398.25818912095144,-753.6258477872165,-929.0971853777423,-2517.747739150109,-55.34382095744686,567.0245005371492,-854.5071114040602,-238.72343405429456,-328.56859658256474,-476.502088145212,-1257.9403777590333,265.0663917945087,-98.44047544483752,134.93467783067268,-1016.0385774524811,-1127.8536125754683,-131.15583834147668,-660.9210984761255,446.1373845669848,-351.3646198984734,-297.77742847532426,-45.864940488694195,-1236.0537717294135,1243.6522372093234,258.9488209256721,-514.2077515530017,-155.39270291723741,-338.5309252233103,260.01905004876056,-438.3045161807558,24.24438460111501
26_1_0_20170116232424535.jpg.chip.jpg,51.79688878396529,762.6846128109041,3544.4433286268973,230.81943254780106,2206.1837787557365,18.080633417604915,-3952.670316622131,541.6739221881272,-2842.91128345695,633.4443856397834,-702.9556797654595,-1250.3398524419692,1096.643864296004,-528.2885132266894,217.07981753135155,2096.3298929977086,177.64024894126902,-147.93594417433815,-442.4439883779018,-1202.114905791068,-480.30717897413916,221.57161762249606,-541.8023465415163,-174.17482377304776,-1376.5246393416085,802.8345874742389,-200.65600137425886,2137.4656525752603,-353.2373792649026,-53.42908453486348,-304.1642108983051,1085.1002524566898,-143.50548471614664,110.89977199337274,703.4902433253468,266.8077080825071,239.1551436341895,333.0773371778074,369.73360766140837,-417.64321308726625,-259.82343971130103,17.165398855902286,522.1063436409833,-146.4212718335921,179.57968550070836,-305.6573075951679,-425.407300883267,427.1307214127844
26_1_0_20170116235045805.jpg.chip.jpg,9623.873206740118,1333.1501081049669,-198.30958467527074,350.7072314090251,547.4238993455585,3455.3567281677238,989.2803257722704,-1039.1224536856369,481.2685134049278,-2927.5475407610097,-663.9867482641753,-763.9280667814536,1307.806301112817,895.7458178758036,-518.4282531122584,-54.956573951330235,200.14783642020853,-1095.0477812280972,676.8990578074048,1212.4323187417476,829.0148252880151,124.85235087701028,-186.96411271078867,317.6021398614784,-1903.5411987744926,-18.466260797642594,295.6817235413211,-32.774179725828056,95.23148722038658,492.58165658152166,481.7467471597302,-695.9866429877537,30.691250139519205,388.95917780227927,-1354.589237741127,658.9854953802352,232.96785439318612,-310.7898285948042,-63.43124819973318,644.5085901648597,37.60882506903288,-460.9551260905071,120.22823435436617,-324.2332531931695,1171.4332912630707,-361.9969281490632,-131.13606725173148,-363.32854006949884
26_1_0_20170116235853558.jpg.chip.jpg,-1072.7471319372767,7918.022079576796,-3803.8788774152213,2785.393596037378,2574.0023983923697,386.5656847079239,486.74357635450303,-590.3978434921488,-1710.6888768310039,1645.1183479062822,397.10417117266815,233.62859161983314,2220.562825821528,-569.581950188113,932.6669972190138,1309.3953886870129,841.7145851477535,513.8240045296895,-958.1362992770134,429.3153458070617,-700.6640814317608,257.89372641033043,-512.5775998469683,-201.64030946995405,12.711741829449718,-315.9842735482939,626.1957664394196,393.3835857373355,296.7933281064797,545.692536325354,-313.4624066006295,465.5311228799026,-208.5935058124359,-945.2552675802747,438.32118779197305,211.79699752686548,439.5307300323448,-859.2858845262429,-244.31383090276384,-350.4040891709145,83.37147933633389,69.20589652025839,-183.62409879708318,323.5467779663761,-390.22259370878055,337.09516302537247,-590.4084602751565,-443.6572360089941
26_1_0_20170117001335885.jpg.chip.jpg,2844.6358613666043,5524.986975813273,-398.3328803513538,1820.2074096791036,-2559.636128230456,-1487.534553183063,-1057.168171110271,-298.3521206235596,413.2730812393367,953.3048364086396,490.6096223264922,1787.4947242763008,1668.684107068028,-53.4397196871669,-3.089751097154979,55.03147743707674,851.3409232653189,-490.7565528545133,923.0923049079963,752.0443633480935,-139.579045719401,-558.3382545195437,-1223.404386815958,514.0401372579644,-704.22475247672,-949.3233382528937,198.53973332996458,-47.97352523736115,-792.8414324686047,270.66195601999345,820.3763768208826,-1104.7785690668006,-17.48341085455684,76.18871749790094,1156.3029322058057,104.6047867541795,-539.0674263005706,-45.19170049080024,163.99465747035634,-30.63170777069967,500.2196629742009,577.7068330798883,390.8391089115086,-255.88322503847743,207.1009203244796,-843.6019194661553,-307.8588427583431,-117.00593561585559
26_1_0_20170117003136628.jpg.chip.jpg,8731.854735850593,110.16545724264279,-3629.146668059313,-1211.4118201341612,-2124.4521571013174,-3824.2672098566118,1336.222324570359,697.0380956947888,711.0951681737627,89.7867723210023,-275.41387373463886,1900.8562662354977,314.06212962966,1067.3510016008952,2335.4726115063017,-2.2502919569189204,-212.59100176135885,-148.58403887954887,625.8115582496885,-156.30589620292596,1731.9002783944343,-296.1462150851879,439.954510943311,216.76398339656407,-294.60617571315856,-804.9954453448978,174.84644669145518,62.71506303364343,1320.3718703716165,76.32265225762522,57.487708903902366,-528.0057848987055,237.3965928578993,-751.4587422071045,110.44284822471597,69.91708896086355,15.678935800946544,521.171683132041,36.210912141872406,-261.16277101250523,552.9187478208881,-192.36070279458184,167.571121568802,300.3693379042325,-763.4480192103949,214.02740539027482,-64.71633100844372,-5.241194566781271
26_1_0_20170117003208726.jpg.chip.jpg,2123.8178819433274,-1749.164283648371,-2409.8934852143516,5245.430836098726,-4158.314718701117,-1695.5561622135156,-2209.050196723907,-132.66966243970745,-4953.464768174094,-1228.0432455181483,-714.498374299324,-187.9218828308966,556.385520067016,-689.9920182894645,-1617.9752324652493,-1392.1184092338256,1008.3460156501244,-369.0613622941997,166.77314032307896,-2155.2815679318646,316.28245702869486,724.8703243709856,-238.4427835255589,214.0466899285387,38.88803241790635,1005.314401964673,231.76884450522113,-914.4347233294296,-946.0912757038634,-544.7762932935838,434.8142225998366,-175.0042497459726,1303.1249088173417,258.15169798162515,563.3026129576042,-822.8851596043609,218.45114582641946,1473.8019629220437,-1272.105546095773,665.1374339456878,77.77016890550102,-548.5337309099962,-543.5761728312178,623.2321636763083,-229.96960442435486,892.8947194659602,-477.3869679722706,-193.6798429304285
26_1_0_20170117003226902.jpg.chip.jpg,-1166.198727255894,400.4955717160884,-2880.047392510194,2409.8495465424203,411.6760759937235,-370.1923604636044,-421.47270095715504,651.4473371384963,-3082.3530181610863,1826.33006525707,1143.9671832211893,-1604.4082849218212,-236.40146866523898,-30.319753216606102,884.910898632877,-1134.15077477067,1700.2387824681052,-790.6990064903756,85.37037726422835,1671.7986556338283,342.40177902094774,-573.4042188711503,53.530730889584305,774.3165529912998,-226.5110212086368,-577.3906870865054,670.5715028731253,-314.99881394957265,-143.83523926591465,23.47858462272159,1108.7803262175169,-6.589717462436376,-309.8753730768004,467.40218820536165,-1094.4834432046916,-484.4858662001202,-166.94447801394386,-91.65190756322252,248.49871584866605,-478.76274936730664,-246.47851576836769,878.7774792304301,-135.11033273444812,-388.86931435096574,82.58536642339698,-144.31180591542807,608.6855978967709,-24.691687398723435
26_1_0_20170117003240286.jpg.chip.jpg,1081.294610111586,1418.9699837526662,-863.8761878449246,5485.230256337618,-6475.254751066961,3621.9356758708145,-4406.150752360845,-698.259430376804,-1712.44526808851,1123.9235646272732,148.47609485471878,2897.8126035971623,1112.682280997571,-795.2411078631054,604.6721346815186,1111.5658821231284,-2995.682653927716,-1609.8257175929734,-614.1479998661578,936.6801110799736,883.4781692680975,162.21982479638382,-333.7906064530311,-691.7938726303095,422.5000346730009,320.09153917469735,-2293.8919660922934,-338.58123065173015,345.69043513049894,-635.4970565605036,-424.98552200941566,-14.917766285098688,-472.26615979517385,623.7720456013828,-1312.594102699085,-237.20452962866102,-252.3703822670246,-165.56704678138607,893.0151993305948,1140.0091042568215,707.9878667355518,-2251.403329760535,-886.1746942579814,-1056.716673346836,258.8140089105106,-423.77450912565286,-345.90603577067554,68.99472534247181
26_1_0_20170117003314278.jpg.chip.jpg,-5645.663609323092,-3698.794779910632,-1445.658218267944,1851.7616553628072,-126.38910129451735,-409.09730160419514,-0.8505506107607569,827.0732694155716,-191.0405984866728,1580.245206319645,231.6195683459131,-474.6404353578303,-505.9012412251465,-238.5295132523829,-113.5996666335419,-210.50671756164806,-22.763337265911126,-204.1564752481426,-234.7459531478206,-190.83282390977863,-369.0776352866771,-178.04501703295458,-108.91187720991917,1043.971894544765,893.80464552615,330.4753617113864,-268.89890786840465,45.77384842574714,368.9293956156131,-478.10348210720116,33.38232097896585,-178.4086893578688,128.74276518302005,204.61582665033393,649.591300629817,542.6637376402906,356.0175252807813,55.40553308938856,-21.04600356399402,-89.86320884309843,381.9659124080447,-448.42359166511983,134.03068832697173,-143.03713884199993,-181.3966650645754,199.7059724475482,70.80953331163533,69.43753990456473
26_1_0_20170117005855768.jpg.chip.jpg,-16.007789417182995,-1719.9992650546346,3263.3526527493605,1030.6318355002325,-3060.3005751401824,-1139.8587746777694,1848.6770175498327,-402.17899967518173,338.840107893046,-635.4892162457031,2801.479970113414,-165.24154252841024,414.26525789290514,-461.5730025536647,-3051.080188252813,1612.0306788908395,1.2912659501679031,1234.783100314286,-1772.770087966184,-200.33898247936628,-1585.2129768704265,-275.2274972228913,459.1777520203197,-672.967512839185,410.94919378302154,-132.26982190287245,797.4791191731372,-327.75528886991583,648.8060150573343,-440.0395258429554,214.27886206009603,-289.15256001384313,-283.4142612436611,-1307.3691888013893,-111.25599311258085,29.012328727312475,504.65110005909463,-138.539411995121,147.68241555707695,-70.83816481700336,-694.274520271321,353.6991239625574,323.8072100640106,-365.86865109173425,-473.6709845305484,-1350.4446435897532,-1001.4126132698497,555.0381164874377
26_1_0_20170117005859409.jpg.chip.jpg,6029.739668009161,-513.0733153702661,2645.491129669619,1708.938700133287,-572.9657366562019,598.9386980512231,203.32274007771068,-1791.3031923062947,440.6714261789406,-1347.2467170652649,359.6185255937743,-2061.9014904829487,-1773.7897708001917,685.2325820337891,-1394.904484352576,100.59936733055318,300.88418900905054,-942.9500909847364,433.2413710515862,236.40410371436383,-508.75127269903476,567.3235618148631,154.53442675645516,577.7211953397544,1177.5567673250769,598.9335189119666,386.2528949026893,-60.668707959822676,-291.8106414011201,-301.64570290578445,538.3840435152881,-1421.394884583797,779.572147670637,-1772.4488030937323,567.2982105778298,-831.359937081979,177.10954007002712,-143.01315680854697,195.7773836643061,405.90329892643985,-108.90774929812895,-689.077495269186,427.43655385592047,-1559.7452979769027,843.2325671711599,1264.911425366566,752.5013706834635,-124.60507500266064
26_1_0_20170117091659319.jpg.chip.jpg,1474.4713025732483,74.40619141323255,-2040.3017146175189,-2246.0158673532687,-2011.2744983888572,-1137.7197467201947,1791.8811866340466,808.4440440866258,3876.454018005514,1024.4673425929745,-1456.643988888578,1127.1869176052999,381.9849408443724,-1173.6878471279092,-785.2691271298827,-18.28251624323326,652.8029324401048,683.2013954417165,-1423.2253866804256,303.19121836776725,-1182.2218331727688,-182.6191223802418,151.6228696055274,-926.6791148471971,-1018.9710476857856,-572.3399039580944,1243.0720049136232,279.4734355516872,-360.5150608272941,-504.4056841749474,741.0182786177544,-3.084224738328704,526.1060813390559,945.8334720350541,793.3736710984065,-186.08883840328312,-342.45020331601626,-481.5125824190929,306.90291950722855,-280.300978476572,238.18457960942644,-1164.5042882576709,244.11587625177904,450.82771323855263,-202.52078450684775,538.1215923991541,-535.7436814273193,1347.2114306148528
26_1_0_20170117091743194.jpg.chip.jpg,-138.83682502390926,839.4726097425356,-7179.392835103073,-1024.5926253551506,1032.4871529516508,-1531.660652161745,-2951.3677782144778,-986.2134532670714,1580.6363625381032,-922.5333219189929,538.6620609550266,587.4334362966326,-2097.722166497582,1197.9555408994786,-661.6704490269816,1194.030522489446,436.58707471521785,305.19045233405114,-1215.355331101429,-1230.4021228003949,411.66048013423523,-160.62787652589464,1336.1050738489778,-314.79123627618725,-608.2824809570249,-153.47427667819113,-268.6667753327208,342.7620070265399,197.22623897856133,-361.3210963682004,444.0482625916504,-220.17760867183793,420.43878614996873,-782.097281347198,-375.16558525855027,-127.66421575889248,27.106890182086378,186.87573546052434,52.722711226700575,-34.75320372548325,-463.4404725951793,-529.4942753365182,-581.7110495080502,-114.37641724228587,417.7916859533794,-424.1496836479431,-31.612355078127333,-94.92592396684579
26_1_0_20170117091820820.jpg.chip.jpg,3971.7995027905617,3533.2518416699763,1053.0962308938763,1842.8756221677443,3763.074005246739,273.2030143097744,1229.6173160106005,1278.270497517755,-1875.886842074697,133.27836092591528,660.7841963201365,-207.1767337296514,1624.1914014465021,878.275195296603,-1555.5270899497386,543.5994949947693,-311.3482130527819,-195.4436394552505,-534.3614377802076,306.4573052876676,-779.4869999432017,-338.50509792680776,1604.1314685262134,32.3505243691128,366.99802740516054,-1183.2653295084249,-58.84990210109835,-986.7751437139756,390.7408691840648,219.90630480003043,49.2606102555255,980.6382321435177,-622.6206170765531,1338.039206295071,-394.82226224525175,-207.1036470992879,14.245351462916153,423.04384604749555,197.89760062889815,967.2331113346893,820.1156432452092,205.95990567127112,135.48828313695242,-1408.597088424831,216.78144506150866,663.3827700234228,379.67419836445134,-196.83713085961395
26_1_0_20170117103606667.jpg.chip.jpg,8168.060486881008,-1668.0896134316708,-1564.6504927610624,1064.0602331389475,-2042.2250662177928,568.9733389381777,-890.9631174032148,-299.06011474807457,-123.43840436001919,459.2026364210822,332.64233137696016,-1211.4153337717473,-443.78675033888635,-475.8030318348503,304.8317767279209,-587.7650239178934,1350.779343391113,-642.3503610728742,85.72117946797404,582.3961069300954,-1.4444532098917804,-143.50672922680872,206.07623821998024,598.8490070710984,899.0101707117275,-76.62133641588001,-357.57084727127045,626.1301279695776,87.2489361225035,40.83884093607896,615.8517845768828,-46.25025429457279,239.40134892409546,320.3099067713108,203.66363967987198,-226.73193584773526,96.08376215998825,-76.26741983668717,103.2737152125241,-32.92423693948145,110.81900868605364,115.64251640846324,252.4044560942414,-288.63486886217385,107.0360516921177,-104.22827266155659,-412.84856093369643,63.42385787009942
26_1_0_20170117105735230.jpg.chip.jpg,9504.479918926307,-6040.061439909147,101.1713480162451,-2806.161407416531,-2731.969694407939,1594.1304707009294,-67.68671633953953,3523.4468635516855,-508.4866915571205,-352.5530936307625,-3756.66174216982,-1297.0092602557677,-1236.0819587564097,-1384.1440173153435,-4242.422807163495,-2380.773224862769,-723.9828864247835,-444.5280416628433,-1811.7509683972187,1917.6310559043195,1299.8733095864702,-830.5847117553999,-2260.900923886529,-681.5612296204251,-217.95712617223964,850.112155438266,-1591.5065115436885,882.2842013260567,505.14160195204374,1405.8300987775024,-113.7839963273457,604.0722867580398,-2340.139218325838,-834.0263446042228,28.70372032290107,353.3905791633847,968.7262183175756,812.7833095877511,-174.9141636975417,-306.63347122350643,665.7128354843527,1541.6088862293475,-511.04330520182015,714.3351497928737,-677.6612400770875,105.06238125040241,191.6918619246577,468.78911747003804
26_1_0_20170117152808211.jpg.chip.jpg,2313.089057786806,-2800.8116339961575,2149.390748855723,2112.7694957280946,1192.5327137386948,1063.4800934556938,-636.1914715637276,598.8926022407097,-757.4936871630898,105.46738540330908,-506.9485527347413,655.1672264798754,141.27562654326192,200.9920390736238,634.6961086025559,65.72237545525046,63.97269289026948,-278.3522615649782,801.8536986886226,1150.898771862171,-505.1442834773545,-154.18817716700676,-852.8018963182653,-477.7156760591327,1366.6872773215832,946.6034478507141,-810.1817194099215,-24.65796247404973,393.48824358859736,241.6429612212161,12.566290914688604,-86.75272812227554,122.70321314547097,-278.46060772775354,-331.709778482733,414.01524903327197,341.0356278949367,-809.1717519478983,265.40551318547585,161.10392271725308,-465.3104349350924,-923.6187028080794,-501.95330247815946,848.0543986994659,110.38657557405186,44.302143109314514,55.708971813752036,717.3618885740359
26_1_0_20170117153205725.jpg.chip.jpg,3209.2378221465237,-5982.544634073722,2117.8001969847105,-1928.471787337685,2264.6843870002263,-472.630840527817,-2175.6254289614703,-1167.4835410815208,-945.4402626356425,-1076.5424433635742,-1706.7741095556341,-28.13276067211112,636.1040335538387,1367.644089055283,-487.42307920824936,555.6689552473092,-609.4239618973277,-753.7152506788005,412.2149462640615,511.7167610768738,-1343.9707321047886,322.6686406168184,510.9463113857184,836.8744249031047,1028.0836966243949,219.78632681287385,1048.655106274776,1161.2265903020636,100.33064759232496,-66.57312367714239,82.36274846803974,-377.830954398157,-953.4900841697644,-237.92427270471512,528.4083039919933,-445.08287908870557,1084.1563587697124,422.2258628629394,329.37736292324996,252.94974739279002,322.17535626723236,-301.26066290242295,-339.01422893156024,255.65052447907433,-601.6401806625477,-134.79327187971296,667.4982550868542,-73.63667650522714
26_1_0_20170117153211341.jpg.chip.jpg,-264.2880363950574,4183.985961969124,-1201.7155657977678,-1224.6397850728565,2270.820696150171,-1414.7049440660176,2674.1151757591265,480.963232606182,1106.162519797957,1378.5518726450407,-773.0291239445348,-2054.055218479201,-15.394776358249707,15.87127949470722,1588.8005566763902,741.9408566110999,55.11398994263003,-190.3201853238143,-584.2496860231295,-284.5453459516906,34.24784553458552,295.3515200581861,926.5412454878286,-101.60420806009674,1178.6071333971836,939.2223599328837,183.99900740076097,-1612.7633624628504,-619.4378063697104,-58.47461401948181,860.2346629357977,1190.4095338600382,207.43500227284446,-293.2653415315504,-620.9240162795143,1060.5754829256734,-530.1577267094177,-776.370138331853,-176.19981681114504,505.58409750392855,808.5875257925395,1049.1506153517864,-82.83869906247138,987.5830389885971,610.9555530462507,2.059701194647787,415.3904204357488,254.11742716801444
26_1_0_20170117171130618.jpg.chip.jpg,4511.752651451324,-3602.008746789885,-3873.226716053368,2085.0318759109214,-1566.5708011310967,-864.5139887147095,-1016.8803477716921,-199.96204345005995,-2601.446289810651,-1176.6775781757203,-354.3543304936807,2163.096654328324,1470.9457209544196,-3021.5743330648465,1130.6830617044056,-860.0152925976538,561.7810670850346,-440.61672541242666,-1056.0235457196213,-893.2641917109673,-876.5648877074834,169.31215786228697,1630.112564099303,-1421.5057345003445,-142.07380846059755,-89.45225638949834,-835.8286177950301,-283.9939847301043,542.9931940842995,591.663251836877,-43.98640528246763,402.64725528939925,105.09604597169178,-241.44894528486864,161.01321491555788,-78.38323133877451,-880.1585951105783,-41.50251416018838,-28.938708641358517,-357.62072252538303,161.18936338037975,458.218708140194,13.495287762121004,-631.733838662441,63.74989600963409,61.50077258696504,194.27375728250726,540.6854875353526
26_1_0_20170117173257366.jpg.chip.jpg,6838.720569104106,-254.17468618877248,3426.209549390606,-2051.951434896484,440.87753159635906,4128.0516085893405,990.276361601631,88.32048216206574,-803.5346269939389,-2576.205953142809,2276.4730088877172,-3161.9616268139685,494.7193582683564,746.0926512605573,447.06533441398153,-769.398801346358,1666.1123670278355,1128.5623269022883,1190.3968484557522,-1124.5026439670153,-755.2466513011277,151.33167577606744,-1262.5991187710076,350.13730375865737,-2378.505719341067,350.8502652272412,602.6362768089824,-548.2822634754206,75.1839719063421,176.70438890197198,49.124218678064814,643.0148424531463,-914.2898021668915,35.50022146998176,-524.0573692795235,527.0101230195987,-1280.7560171872087,581.4082963438601,461.77187020453437,276.25328512064124,282.6505629352148,-1214.139332193693,503.0402970812894,-913.0732980199621,-919.0534816797411,-728.6522336174115,-38.5902769675988,-866.5643554141004
26_1_0_20170117173557316.jpg.chip.jpg,1393.1759993236253,-3989.6626030904163,-295.8284209236391,2502.5981636615306,2269.4760391438954,1643.3521661934126,-655.5229154187526,1387.6315156668397,56.255176738455056,133.3005914493627,506.2991452614624,-510.75259882736657,-8.150317071216143,1309.763455869333,-278.8581672416433,193.28708370099326,-435.23344016188804,825.9616995206218,749.6377550814044,-565.5599954473868,-419.4588578512111,-472.0273955274424,-524.5929381253823,191.88602075700354,646.7568137883598,269.5426916312858,-347.6434148252556,535.7604836541569,-1013.0912085892129,599.9060592181606,400.8000015772634,-374.90014922682917,439.93751026241114,651.0365215542503,-150.97591400495884,-422.46819972656306,-143.8584436091653,418.4903438265448,-117.06102251341416,692.5532726444438,775.0179200592374,155.50582320806765,99.35684274864497,737.1275996211095,498.94574896005304,-87.83418879776549,-182.25987931394448,-186.81705583714097
26_1_0_20170117173613245.jpg.chip.jpg,6771.886313256664,1053.1312423188567,-2976.029030108193,-1797.3607525753298,3042.8338111108797,-709.6909737699795,1836.191190820182,844.0025488290012,2004.2188338291915,1950.752302966662,1646.5950196552922,-1507.4753637164874,-574.0487388271641,-1034.054763964058,181.34162162157293,-481.2002685031752,-3057.3203107930976,1364.9364576269209,-2040.1526936105906,-1196.511766896175,-578.0229941352356,2258.53601766713,421.4286911090917,642.8771143892083,-1024.1632553860331,654.7974902893541,105.46319725597466,410.3259475240363,289.2857077417474,-733.8353894666714,323.2976471454795,410.710657738142,845.771844124205,-314.81219697353475,-1434.9557693204085,-543.4398284322368,21.953276447117105,-12.327421486757903,-380.26609548096644,1174.709060288119,-187.5551778819142,9.755388243897357,449.8053616645171,106.94537565888739,-547.822349612972,-468.6272749992434,-366.3458674343115,965.997296870035
26_1_0_20170117173639429.jpg.chip.jpg,52.800140775549465,-656.0730288279877,642.7248967271571,73.68231261128727,1985.7546410663504,1103.0851790163542,1303.4348504677012,52.04046637411762,623.0916915695929,-1784.4638482402395,871.0935807502984,-881.8327381375497,-105.40172242460034,425.49878912171044,-227.4611497279317,495.67360944828374,-281.80274137059877,416.54901310710994,637.7468127418078,-250.5961425695091,148.217353191405,171.35427965859608,-429.1636188555591,-692.2888550436783,204.12276722885966,1240.2246257529368,495.82541593183964,-282.69271154185384,-152.59216446230462,-65.02075322933203,362.8545603126745,-112.717842673428,589.5619858654749,246.55584261560438,-679.4333956681554,455.2989852985856,-720.788418927539,307.2488016705576,-58.773741600943914,370.70714974019205,-258.99717022882567,779.0732050978759,95.95979838573146,-482.77000454864043,-232.26726738891054,-211.49470271441257,-17.342297323624273,79.14526093473914
26_1_0_20170117173648397.jpg.chip.jpg,-3159.110607880429,2276.0292105392846,-4540.203675996255,-905.8090866676511,-2702.163894732054,-1692.3991260942157,-1049.7374620215573,2129.9150511575695,-160.84055490811036,-625.7416285032649,546.7243532608182,374.5536538111106,-417.09008242117955,1086.0436468255864,71.50467255057467,176.17397460718857,-483.7613516913779,-193.39595058264842,280.49995695563,-279.511482892163,-378.98355603139936,-1422.4947274958902,595.7571778671116,752.6525601744827,-196.90185200519812,25.40451508282626,562.1770322065972,412.7151671108332,-214.2555986729344,-226.8898854877073,625.1744407959467,303.2211075708921,-438.78449426283385,-237.01482299322385,-385.1301104304835,648.3869726232484,-264.6438764963739,418.04665563550475,194.8268578012336,-421.30260658452,-132.53124847118295,-189.03729162283156,408.5840123776846,-153.2525113357676,-22.277194882429843,180.599858810839,-116.90852853999364,-46.18761820918225
26_1_0_20170117174144110.jpg.chip.jpg,-4833.335782540651,-3090.4921348228318,3937.3327717602997,-100.51580460321242,-2294.210347803745,509.5185360338712,841.4600535905649,-29.04055588336801,-2481.266645349355,535.7654528179138,-341.7627866541195,423.11104869008125,24.921873353388946,-307.8741784389162,-185.66161659182765,841.6176667233156,-271.39312696214535,-474.94127867422117,-574.9904258629081,276.4173929217684,640.1030281095948,-311.4715198082958,845.0669263010807,277.43714780458254,-96.55700818468104,1508.1989817029312,11.954664477528771,545.575895518409,188.87597834027952,26.460562340350677,252.34986208227488,168.69371694425777,-184.06485901702965,-594.8590513883355,-518.9863314756466,-70.29303148572752,-219.91890809475385,-332.9856370051764,178.37262101288755,-522.8916847297917,255.93797549445014,-313.3888272035905,868.3495638294083,274.45643245249687,165.2114308653389,178.0645117336411,3.3638367418012294,-564.7752068464916
26_1_0_20170117174358903.jpg.chip.jpg,7723.87161475316,6820.811614829633,2077.2762921913663,-2625.4800420922215,155.00347406134622,5837.62340753476,-888.6304006759881,3190.9643864773475,-2900.6997272421013,392.0649689868525,748.4648920630814,401.54610506916407,-436.7431422595561,-1056.7158266531683,669.09734160488,864.0556478260279,-879.9630240042634,-582.9468785208034,955.8790667345608,1519.3991042666123,905.0166001149331,-225.9106241611945,1097.4263622986819,-289.39084650233497,-782.2144612166888,14.140982641910009,117.68195704703167,6.250071093035429,-49.39027778575164,-101.05422636367265,-601.4528135738676,-248.49391926735635,-104.83361778073213,-963.791759803519,-639.1756545365466,-144.2735983414466,100.15942113375617,1320.4448062234233,835.2978603821103,130.36505298863457,149.44284607928876,-94.51757278793924,-785.8222852949732,-467.1630522301563,-505.18798762945073,790.1807520149574,770.6383036668094,212.3160068390168
26_1_0_20170117174638343.jpg.chip.jpg,-10710.704889699513,-4382.0244649875685,-7540.999652613993,1967.530736335527,1274.8831243174059,529.9729134059933,-1552.7791983946643,1993.4317828795247,140.3729111124524,1802.9009480848963,133.4775318457471,-333.73660516380744,-215.38122389268239,216.14496661231212,-185.9354906363449,425.6304305735931,-476.7766830462038,-50.30018873184843,-385.2505730139103,-84.57334125020793,-130.0444875025595,-299.9836653866596,-202.94176051600886,-290.72305982925144,-808.6087111801568,489.3184534313206,-123.26005750972897,-409.11932394739165,-44.55310391094574,-477.3911509442248,-7.499186965650561,-95.72558937579515,638.041288520324,-110.4010796955766,17.328922381997167,-233.91278896513475,133.89244152464187,143.31324025098158,29.3226385636729,0.8104566959231632,-49.08344030276156,162.6476804147619,-18.439731970441784,-480.76410528984667,-595.9198462199172,108.10596178614072,78.94611870733853,-278.2223477341636
26_1_0_20170117174641318.jpg.chip.jpg,10931.921894665558,-75.7178821344742,465.9012172502913,1939.9298468384707,-810.2330259035384,729.2673343547555,189.6006744415987,-1228.165466137507,1224.4086673399052,467.9212515308634,-513.4290902833304,160.89191919487382,-876.2166557946556,210.9156202180396,648.1974937393818,-1005.0190054941992,-383.2061508333872,418.58892673919127,1149.5393669874084,-641.3254754674158,-210.2766760888123,55.31498739107807,438.70775883083377,-416.8116447202619,176.00568235382735,-832.311846887817,486.0164772033709,59.93672937965882,875.517554144688,444.6521880613589,-1158.819503573629,242.18507509213657,261.5168392460628,541.0077864389465,501.677520697437,-90.91326939519253,-285.0131199094611,201.59921616912507,763.8828431466268,72.89072033205841,-529.3178301327637,-35.055370461192034,293.13768360502394,-123.9551494182669,-713.7184762059104,14.55263611450347,431.5949917479912,800.3897583453033
26_1_0_20170117174852519.jpg.chip.jpg,-3773.174486282414,-1508.9856159402777,2773.9116156066134,962.9667568206647,3470.2838968956617,-757.9391890493137,1315.296963816277,1335.4118917582298,-1282.1319408928869,-331.8118069362721,80.20433755123628,225.25741768107838,-862.9820156206135,312.70084866732134,48.58516014371082,-321.12056638710624,-830.4178316135766,1023.5088921680187,1156.9296541098884,257.501214063281,465.47725324813456,-161.04999923976294,113.90276111805606,136.0354218148889,4.376371070749457,-128.25661579759443,367.28406017067476,-960.0228448564245,-167.66946807640767,125.90994370777027,-656.2390998440483,-641.86302348105,-77.99174965631498,216.08795031813844,-212.9751994678417,-214.1708783318812,-495.99126738144855,599.1669338907711,498.84663125335027,82.8797447246637,-956.9098400602104,150.37305518590307,-218.45369145361377,237.9103653632118,42.53068275527473,-939.6406815795425,587.7536040853048,-571.1679009600238
26_1_0_20170117174903560.jpg.chip.jpg,-10561.682334519623,1719.718670333046,-493.0524011903787,-1065.4186182647395,-3994.1794042988495,-594.823446859811,567.9614425992368,426.45223215783665,-506.0163005579053,-1331.202454533495,-2799.073171756815,-1399.966453621863,2256.92478978355,676.7406372063866,283.23240656521955,-40.81476977536521,-460.4848425394364,779.5088381970301,-324.6039262342823,655.4721717970563,144.61665369491834,1261.989372399065,-117.35963044589028,-217.0375414805857,-732.0782025229105,-1532.813887507011,666.9274238444705,-436.9922415518959,-187.4920174136751,-525.9032804028512,-195.11893444511506,925.8133897450567,727.5141266551005,248.96231744130804,-258.62492005364203,-636.5735671511973,111.07401821980031,-277.8483649488843,-22.214448516604676,318.83557225086514,82.42081973027514,66.27678180421726,-965.5325643982711,1201.6084261639521,-574.2943691242228,137.24869871573705,412.06032635317985,290.2498274809935
26_1_0_20170117174906552.jpg.chip.jpg,-576.1490115990886,-3598.1673815276563,-1460.9373256438876,-425.05363453404016,-110.02574285867252,1817.9496844193422,1497.3663347278275,-3694.178474914868,130.4149722358419,158.79658987121803,1236.8147828359206,-451.03326416934,1418.9551187258749,-753.931630350799,184.38844043560889,-482.50274470608014,-337.8843081055846,418.13994691254265,731.8454542735258,1302.471958323169,50.20208375197603,-1158.4478524660753,621.1947867959857,-250.16960001309937,-674.7728496517735,-207.17204596112745,297.8130346333455,94.99355736844817,27.58321491993423,185.820193036827,154.33998425986445,290.1129182391598,428.9634697824923,-239.20261853527617,-732.1207138329089,-337.38010676308494,227.53906379272644,243.71276907008823,-429.2938507693873,-404.32740779860467,378.37967286100707,-572.6928456666968,63.625376481594756,473.46128063423555,-570.0427587029184,-193.5479254159494,-616.2021061255158,280.53083879754223
26_1_0_20170117174933551.jpg.chip.jpg,-2304.567354204424,2332.2017616279136,-974.289785058897,-1713.2207757718684,2543.347012543404,1415.1435833560424,3402.150379009182,-707.3762314674875,-2346.1664317007817,432.94894848640723,101.169801429623,2927.6678379415607,-1257.1837725401017,347.21280409281485,102.85806465285134,-88.40707430784718,-1976.1961654356544,-1616.853499473912,403.54593565247677,-173.18410842074624,88.08237816990857,-375.31459136223765,-750.2060329533036,-276.2596647684428,42.83655752956489,103.15392898049922,-111.60500001957237,-183.88914959909653,169.60661842160118,-898.7781054746005,-842.7168782157719,194.32698176272956,-516.8397231888201,-774.7350230594831,467.7052486829666,90.43842048109819,-634.9062187370336,-340.5932324000506,315.1088100440855,227.26889508453772,-291.34258025642356,-409.52143993433197,57.76401659181961,880.4182699488857,-83.51637021222348,-470.3957873049971,1269.9104471480402,441.8127766696602
26_1_0_20170117174948312.jpg.chip.jpg,-1593.1705156652154,2736.4047052157543,2931.9806308183847,369.46747513053776,-2051.308242439075,-3749.0374745682097,-2450.3304117527427,1993.2121410932957,1254.427931366054,-86.75028765904841,2741.869619988781,455.3139603849949,-362.48170259660105,1095.3960964133555,-911.217071236016,-258.34738529598394,-862.3886260579076,-688.4499291332925,725.5178964482186,-548.5581504003862,-118.7363515428472,-608.2538693698995,1510.465855219886,-85.37999402323628,489.5578629108182,-25.222493118829302,10.610178160515842,555.2804110692462,-468.6405735491139,-1512.7464289751904,-651.6067680656099,1025.6068951387335,-396.08925039278523,-198.9655633336517,-236.48776896637474,1523.731850872613,-189.91653367762873,202.27508259868125,-104.32467340039457,-314.2354316103628,313.23999686374333,-260.79356666095117,226.20142055421042,290.95084771041786,196.3475468362598,-260.9877031715079,-629.9435891576948,581.3757466155782
26_1_0_20170117175227641.jpg.chip.jpg,-5112.704185730497,-1043.310252952775,4374.203446619202,-1691.5920764896184,-1189.6524756983326,1460.6589945499645,702.5543607030257,-853.3336317906152,-818.2441682639271,-947.4515556121087,-65.6709160111192,143.57641467240634,-870.5878725832811,-807.5407843819106,1365.2509992236064,-272.7503292575254,478.5164557873078,-948.2662372314419,95.0632839259228,342.0440012940882,-41.14189386153554,5.16188012839727,270.1628664921631,-140.77001620188736,498.6326491109411,523.116126635291,-1151.7792918768525,1196.6734533496003,-326.32507267173776,-257.9833800046633,-334.3199973193423,86.16374300261167,242.11585435086545,-339.36739501399074,441.75960115450215,-452.9502304996889,688.9157805979883,422.8448656899761,654.3724370779145,-928.7747620856737,-859.0313641553223,232.34705379765288,750.6702633826466,-901.4371936463948,273.4919129269581,723.076828154913,-75.01468259223562,-275.681042029005
26_1_0_20170117175240971.jpg.chip.jpg,4277.361712374482,2750.247685037016,168.0505497082893,1571.5663974168388,-2415.08727017286,-1691.1227879866278,-520.5312181541652,-285.39285138806395,727.7814345652865,2076.4561542931892,-587.2974018506476,888.9502566232518,1176.974884224835,409.4497846077552,895.7331463601358,44.650785984295936,868.8423302332473,91.6967743635603,174.65475815764623,561.2814567534294,197.01748210213862,413.7634654611085,-10.724031007979702,-1354.7649002744054,-236.89127997644786,-334.3660339376888,-297.11874714762087,1098.1015209365862,-496.21232648392623,1546.5993559082883,-311.82869190652315,-1225.6539347462565,-186.28394800667908,-263.2277035275164,276.20814263478286,780.9877147463064,434.8655769541964,164.71399154901792,-922.9470552221147,710.6442865057896,864.1073409844032,174.34273904021126,-804.6640706274679,151.8314798348873,-196.09395364031312,-111.73458212449724,-320.2641648878224,611.045989485586
26_1_0_20170117175313606.jpg.chip.jpg,4414.645028295087,1670.0669427332762,-1721.5006543771917,-846.6027569489869,-2373.6623217650017,2269.5314243393536,42.954195964686384,2111.8101323714372,1617.1563902247003,770.2448073350157,-2090.7881445678418,-456.0420747093408,-3111.3439978595306,-1027.0345842468655,908.4858718889512,2034.1459784989024,69.72612361260329,-969.6552215136451,-330.09411556943166,-47.806541494997255,1293.9961613379162,737.0926900098649,396.463394752059,1261.3532072376897,355.6806671359188,867.459480931797,-576.5731940060398,536.1613894981863,-1076.7032236273756,-196.44092450891299,-153.63655892088116,-905.2461420362355,807.6614942002101,769.6196376876651,-156.89007506833897,372.6338003757977,-181.22373765047618,124.15768929787265,-605.5988456457259,-123.62906937829136,-696.4143596329027,-561.8537053670944,-541.0350526883198,146.9420620914322,-790.0808591947626,-982.0175202492745,-71.53766896994789,642.4388621386121
26_1_0_20170117175315496.jpg.chip.jpg,7009.404189852736,-870.360966533286,-4755.2077999312105,106.19989384329438,886.8296302636775,13.396347579866756,238.05561371327983,753.3023541275471,-940.7449751076069,1211.5725043243847,-1367.4127398687167,-1513.8464153379068,-705.9803306869674,-113.2651614254934,-399.7014732134744,238.00368885743703,-850.1155159848291,-242.6683068070614,-78.15640515273994,1398.2246893513425,-1021.3124367770629,310.7412251835791,-1611.6450590635964,-1189.2285602088612,361.0887930082636,-647.6174531742033,340.92108856228435,231.4289312009327,-177.69851844286862,-6.506501398057361,207.13377708755465,-114.80620981751353,736.5722335890026,-854.5082794348543,-300.09222695790675,-357.46032580212983,412.02040754394045,-226.5635922863631,-127.70865904054759,224.9533828334433,-296.6961090692131,-371.0118602056323,218.6179751724122,97.45813264198537,-64.14946735657709,-141.66983489578573,-74.61790204309762,-861.4595520868443
26_1_0_20170117175343265.jpg.chip.jpg,11550.51879180877,1127.8592705643503,-2068.636751283108,-1841.438912985091,-526.3123861011575,-1405.64388638865,-1852.5125200566815,-3959.9134179891157,-2018.4047584146172,-1202.3660600695234,1569.6111632327024,3847.425279051425,860.8588076564967,-2370.1542585183843,187.88251067796142,628.0730134885365,-302.8487541237966,-1134.4961804540121,-512.8192441726213,-1731.9084062572576,1127.1727200980683,1167.6049889051842,-406.85796495244506,80.93368135942427,-507.74502070781426,335.9886656212455,1243.4999590553552,-1027.1904631523003,666.8090492041828,115.16776253609433,-437.34726719574667,-1197.2729602745505,285.16807841719,265.2447499534691,-464.0564476244164,1117.9437559578444,-171.70117910594584,-1358.53716125432,-141.84001280591153,643.3861500656128,393.3243330235579,642.543794101331,1174.904706347933,846.4417642714227,581.1725738292992,481.22930692520066,136.4947136585747,-465.774596673281
26_1_0_20170117175344913.jpg.chip.jpg,6296.107820868607,-2238.843490854697,-538.6368325235838,-2132.0288698348418,914.9348577546788,802.9057323008591,-1101.7036836017248,-548.7897156577934,-167.62825718753888,-114.01737902256609,241.77742294658998,494.187889991828,152.5060554408265,-430.36745089100026,-712.5386337455537,-2101.152517596904,219.992517183672,154.65128159579118,-227.5489144257729,-811.956099211072,-14.132654320225438,717.0425080428063,-456.48700890593307,-671.6038721310858,-94.09802083824547,-83.91538106358288,408.5936576687449,-740.0280747562186,-219.5968019750911,-433.2865286798372,-848.4820777386997,-363.74839714106065,325.66415725844536,-249.18371966756482,680.367045041631,-736.5864820070229,682.8416676376331,-113.865155337093,425.7269867884151,-176.60664137581523,869.6078590953924,31.62395026112684,59.445285314619866,-804.0969871678443,-770.1968655926472,-267.93253226777796,-904.9678683200978,-287.8697813086617
26_1_0_20170117191528652.jpg.chip.jpg,-504.7597282535965,-3645.4954968651264,-1602.3607177986319,-374.05373896351057,-149.26487606520502,1886.772201842083,1487.2451383468583,-3595.7542018605104,108.52801337764377,198.74891987041727,1410.3665747025223,-525.8189219293462,1514.980253615521,-797.8655187462854,219.30110205506207,-359.76445173630884,-329.67454702551095,494.0947414460786,785.277210764882,1327.5828794047309,90.60633410809712,-1097.2314215439908,627.866496078978,-250.68604918246967,-701.3666398097954,-386.1495060379285,214.5927541289723,124.81956258640997,84.01272038639704,203.54144978625942,118.0374492958204,294.9222570301167,376.27886918247583,-275.98527049029934,-816.6167784263002,-263.5862202142482,220.20265885814356,348.9024328386202,-430.8984956117514,-390.31669725414616,310.5529346787932,-631.6583599089072,84.97739532380321,460.8300410925413,-576.8812632484455,-293.2105445475842,-613.949373672472,306.5039086176267
26_1_0_20170117200248981.jpg.chip.jpg,4693.948956409555,3464.6209355296146,1958.2992828359968,-1910.6578788229624,-743.2841732445464,-2743.9498174011683,820.2213754338429,226.29515315686945,1741.5332791443989,732.3352020551305,-185.0003060171445,509.5058512736941,872.5921136795332,1238.1617787165653,500.1173648273531,79.96684757763953,335.0034813640071,742.40645263574,2385.8904893303215,-630.5442302281668,166.98910289354353,-506.6381960685058,460.7387609804097,579.6786448947644,660.8099853067093,-633.9916564997484,-746.5327491514404,-765.5058031941882,1.9653060023912015,163.1711929031008,854.3716043894556,71.99199206593728,459.34384729059224,-1397.336682543078,4.919464088814557,618.5246148620436,-519.3077566339939,834.8949694828084,-398.27416812699363,35.99403380744304,290.1665182100488,-10.575441513799378,-198.91878432149971,320.88498693500276,-253.6542007077424,-128.88521365370394,-348.206234593725,848.8376541686266
26_1_0_20170117200604086.jpg.chip.jpg,-3594.994675313494,-1510.187609475844,-2756.0761746357553,1785.357932288358,1724.7571486388545,-1464.619169596594,-837.3593961299338,1643.0535230906846,-1974.2343515201844,411.7071917730581,944.6198348967083,498.70507210938666,-88.01145613250817,1108.6819906005962,979.1963372679083,104.3309574989851,2855.663550444178,-217.6892985865911,1515.5447558792164,1910.5153236724173,-310.8232351564455,593.1562068276244,-720.3815089945941,767.6318017117555,584.6366281612363,98.72235627274677,490.01654817443426,-341.542675028607,675.6592570513969,-172.60183217844238,367.5192695773074,-64.03321869770986,-412.90891232111846,-51.02506947388834,-675.9865740155653,-89.10310784812576,-40.256939960348966,-289.9547877154283,-403.03586428949006,-1257.8033167731837,596.1325337066534,135.27456912052102,-413.7292454021375,61.848768528505104,1039.096614971546,-328.53802834611815,-130.4027033902258,401.5978756171121
26_1_0_20170117200909070.jpg.chip.jpg,-1575.063900706761,-1626.7771699081318,714.6577903911752,1317.445246407844,-167.13297755696547,989.6343318464437,1220.5196512976959,-993.3661354496448,740.394343869443,45.28793033953426,-528.0359831257311,236.648323594107,51.758179550893864,383.99199937500117,80.96582042018142,-356.1597362846376,-513.6340011717712,-894.1490348235434,-321.9519363797035,54.74425424447702,105.0516038022076,-173.33251376930724,698.1007245888522,-37.08524612858605,1242.9810029459188,517.6077300754467,-479.9462297293746,-11.374303588696808,-255.92038772096373,-571.665568883325,-527.9822928504769,-44.14696208344066,-177.4135976110522,-34.773259194615186,736.9160723710821,188.19357541733854,59.61002417398526,-37.607469346588495,33.66547177656065,-146.92484273898194,-92.15086603618354,206.74758989397478,88.35477607998384,-568.6348789113065,301.57471793992363,-127.60287817211612,156.68682598625355,-897.797455594363
26_1_0_20170117201135295.jpg.chip.jpg,-1039.7020741504084,-118.79596277236546,803.466554515031,16.721943206144175,-1406.9349386563047,1604.6823725492716,3452.8753756314154,172.42995787774046,289.76114492299354,-1930.4572068973712,-950.0478595665737,-46.110504389946804,486.8670494565392,-1035.0277274469067,727.0633986840293,1319.2937318312909,1670.017430827769,-732.3587325599092,-339.1405553761488,1287.3490191225444,-1937.0958816300747,855.5438155641634,1571.5613212932656,42.69994129626092,-1490.8083529244868,1105.4706376703043,-666.6704844701515,149.03363300458463,-70.4600684628304,216.32179825582105,639.5213148908896,-31.00384132749022,631.0565504828905,198.84126783807147,276.91923190811775,1561.3766739235377,420.95135692990266,972.2677353843214,-129.7438420987482,800.8982948379972,268.76919158159967,-442.16255481352124,-156.4342980138104,-272.2686685719748,-667.928241458871,-372.7718877666839,-600.6791034535399,-749.3449247480858
26_1_0_20170117201449668.jpg.chip.jpg,-1695.6466300472227,4028.3786477107888,6354.500615123266,-1769.341985969093,-586.7050079401431,-2458.2715288648064,-440.7245217734919,1137.310048834334,1829.6255330908743,-371.12783910137,2268.667758537239,-36.211805467959856,-1772.9336008439118,-618.9134331084126,-274.25433442766774,987.655011239734,-91.31872321632675,-412.272565938668,166.36029286790415,933.7591450024285,149.41421906542433,-1191.4810806967082,-1191.2624513112917,-2310.443262546747,-262.75407213794256,159.88591951733227,317.3265765211185,5.576544299444584,-165.55976856152046,239.8385624243214,-58.867520290705855,425.91606457547937,521.6555082711311,1167.578022826498,-847.2634475959526,691.5839125521755,373.733998445443,-506.34645892977994,-856.9641624537044,-825.459516728227,291.3434108559195,-1013.9293765075017,-661.8507607475916,-163.8532260370014,429.8749163904759,100.02483300253269,64.39138173183643,151.1897318988585
26_1_0_20170117201629485.jpg.chip.jpg,-3469.912389211246,-2728.3220735148225,2496.903560256127,2416.0416356532332,250.38506422237586,2.9371883437441975,526.6145078229247,-377.68628586371483,-934.3357756849847,1488.3168046668598,-228.06439174766888,1998.4817038738638,484.01521228554293,-298.2027418057969,360.8839577553441,-935.9290266216343,-751.9688800114118,-795.4840417536253,352.6474038937287,253.8498639855595,918.2025338719733,434.15965041458867,964.0078367090614,-23.746367177084494,558.7682119828135,-183.99021897419865,789.8836205819186,723.5461373919715,711.5642077018938,239.81684752107276,-370.77527500993386,111.38543739415339,-1037.0466811880178,162.80465598295217,216.88682195598048,483.3870997878816,562.99301296809,305.77001800662623,29.720963826757636,-74.21591150931447,586.5778052983733,249.67189061534071,-516.9602517048997,-140.08393133116434,-634.9922621367666,-98.65179915627785,641.43763493096,-803.8302558591613
26_1_0_20170117201814973.jpg.chip.jpg,-6062.185937175195,3260.71301254688,-3331.8356423127943,464.65956270895407,-3113.729016976666,-606.3496186969688,1599.1459838837166,552.3694608309281,-727.6091321932153,1728.3405320412387,-172.62577936445066,1004.57551561735,322.7015412845051,-889.9966672788656,1068.2966593532517,-679.9427362978755,-1150.2702065597719,885.5278537380334,1251.7643421403886,-838.5741335042134,-60.843789979393335,56.09619936066278,-253.80713221153033,324.48754875369065,137.64637027172986,-295.0747942456645,-242.20616573352982,182.73536826594548,-166.89564420000335,1121.8007729347787,719.2836103997149,707.2111837762974,-140.4749576235845,-651.5836885451936,-497.08690185651915,-657.7618610994552,-210.09686870008804,-114.12036175116626,139.9596694017168,401.1351544492453,-9.837905338289012,580.7074648802317,56.01502931873346,57.41625240079662,-76.27430892969332,246.29880688554434,-875.3119486989737,194.32571742714006
26_1_0_20170117201904253.jpg.chip.jpg,-419.95754389430164,-90.46047693064796,-277.83063993227086,621.840709055772,-349.4366844821762,833.9907023626968,547.6630923937303,-457.64791932250404,-937.1031139634453,778.2954407621681,900.4803462383228,1378.969472484128,81.58107762261322,-61.43794543576884,1288.4021564615186,184.75688671560738,-1252.4520271853162,-322.8391360922609,464.56717719564756,63.86651221888865,-106.9919245907438,-359.7343456147688,-192.65902677527524,-504.5989834317771,-205.12832157092453,-31.616813805499024,240.6866654738999,237.50855706420484,777.0349090080991,-664.1888984004543,-298.8119962994679,-178.42633143588301,252.28762037866352,615.0193188869764,503.9929284481697,-746.4145738320573,539.8346254241611,222.21188352437355,-351.73500219244437,-67.7898691824346,-65.58777289995632,-67.15837892141707,-57.58932083203566,-56.89125247321601,-452.0152588013956,-282.1137675441323,15.401935623856689,527.3722479093842
26_1_0_20170117201918694.jpg.chip.jpg,1703.0172447845614,-4653.799301617887,-5385.593754032293,2643.585617039671,-2277.540793801559,2749.901935812527,-1383.6379879330934,-410.7717667837238,1086.0173992443588,-270.32527721725404,1158.7257945395475,-101.22984623114651,-1844.4708571576477,-1445.5823707486065,2212.517064366086,-1450.5355632641356,-5.716714855345089,-176.45357537487996,-445.9360206112137,-691.0598762243129,-2580.9141899158944,521.0463188113705,1005.7646020906436,923.8781954465683,-718.0799690968253,-532.2895947249714,-430.4619657208595,-211.58635347719084,-1114.7570967855102,1664.568740880106,-490.9177099751612,188.04961112330776,-43.600500619255456,757.7126319331247,497.08232187007684,614.4655326618266,64.81792607500851,-127.20327534130995,1266.1567801605938,-746.0522318723672,-358.11063713499004,896.448763299198,942.026522469512,1636.060356950625,82.92048451986896,-461.0953518569872,235.74150460541446,-800.6740353303451
26_1_0_20170117201924879.jpg.chip.jpg,-610.8177754854997,4110.66717663129,3793.8491765021713,165.5267122120965,1838.210632392042,-351.07805874761704,813.6708919773923,1699.8707592568226,1208.7351194757862,-802.2872272367356,1981.0081360936997,356.32591720835075,-1391.1159981490375,-297.319533950846,480.02992572077005,501.62101066101167,-36.1764133740132,-40.12128907029952,808.0880640897547,-43.12939644307317,572.4643115117773,1146.3015985650723,1174.9520527639513,289.6810049897635,876.3257922619051,400.1442181520131,-198.62227934109708,176.19231529434,83.78952640591639,1310.2075252033392,-399.6246001524517,1181.3783890474515,-781.4576245615084,-177.81902843449035,-448.72007885428667,-234.55317799249008,-138.5778722571557,-435.2101672791358,-119.16071633959872,397.67601741624236,-784.6324524215056,-95.18664113847956,-124.13227195894198,522.8434759167802,-508.6698487333419,-395.5941939089778,-588.8720323339643,657.7479587147163
26_1_0_20170117201947511.jpg.chip.jpg,-6237.386010385066,3999.510336770405,602.1820754416137,782.1822529507239,1084.614156406367,-630.6765259992951,1154.2144143702142,973.8378958471019,-561.6242971363768,-37.22012051108138,-1889.5937177471096,470.9341012121885,-349.3945759076728,-731.0545013775709,111.38940734876891,749.0440219634361,94.35068824097054,185.0627540969723,-1200.9610458883967,-644.3611597790338,278.80818972455705,-64.91647626342923,-176.1391730959282,58.4588368379954,-86.57443214883543,7.784799783423694,75.10157061648079,275.6359423775008,199.74720640251863,576.0056963452682,-572.7429710435594,-483.67418186227434,396.06698511318973,166.1254938531603,-358.62937162147387,172.14237946530358,-222.41049584302678,-206.71115916251725,-188.50756698729194,-692.9453728990663,-376.1207491735993,-66.23310264021354,113.31915014167417,-324.4781653807878,38.63378981907844,-248.88131022922798,-418.02247947748737,-47.69650179749526
27_1_0_20170103163215342.jpg.chip.jpg,-2178.0241932680847,1290.4031858000706,-1596.0023103640824,3300.2145397164563,862.6391385675803,1054.5398209170332,2294.4590905230575,-523.8754560135243,393.11435384870333,-1234.6611813011614,-1676.6256030925936,689.6630063704557,-1179.8659642591037,771.6880283622667,156.7121023808695,1046.9466190817022,-309.7725666281925,761.7155234833625,-455.10734747690725,-512.331586986544,32.85276584134386,-532.8348108732672,384.5200396666629,-152.8895556068427,1512.022093511821,107.73022894267919,33.203017270896574,-1014.2387796363403,-230.3889527865685,372.3324500475864,-175.59270197951267,221.45705138431794,-508.52045247195224,213.50652979324144,-173.41235558891617,280.2859857081618,622.7596687653958,124.7128170285971,466.0520391842795,464.44773610774337,0.39292927995629123,481.8052592065152,-18.431729199301163,39.170249688594225,-210.90685907063454,-153.54599633227656,56.733091208211896,-584.1052112899091
27_1_0_20170103175534240.jpg.chip.jpg,-2499.8628500513823,1625.1396782955085,947.5407814836957,-3086.0048373098043,4859.423955527014,-164.01075222370417,-2920.1266259118206,-1989.3661076489368,-830.5604812636055,-770.1508734829811,933.0090532814721,6.3987589125866675,-918.1950248555313,-1830.5238102166218,-264.4656011473103,300.47436705845143,137.53914791994092,468.30870596944436,636.7712099252146,-387.09206698499656,951.6834813824677,29.39783727262347,192.37954419805362,729.3706644259329,1207.408399186302,494.5906431471839,-341.93965074766425,-158.0656468025896,139.87295481743615,897.7323853923244,-354.6693020141888,21.42768815676115,220.35286091607,-269.5758644045522,280.82504073708225,88.68683186195713,-464.4743717443049,250.12985893443818,-257.68941340771096,-7.234426788432544,341.732482242283,-329.18243535035367,88.12964564615051,863.7102386403086,-277.9428948412213,489.9553531018547,-651.2264785397522,88.48380674734598
27_1_0_20170103180241879.jpg.chip.jpg,-1978.3128027893047,2003.0613071753924,1637.245503872252,831.3211355591109,2491.358886391482,952.0897027249673,870.5957085419836,1511.9918344457878,-1615.6438198895507,396.3419885559289,1034.8679575129543,400.5989018099359,203.81350120960815,790.0459118946211,278.27243521159636,1441.8592952545912,-918.2854818907072,307.852974809268,543.8339528760094,-149.24348566902822,494.33227589119764,-15.836319757776716,-721.1375292533933,489.93788057490883,141.67448500790255,117.78217906503875,76.91957544285627,827.4472687090798,353.5754994156335,-439.1458176930161,-87.61387013722113,-309.6376528327696,115.26394189003769,104.21822732285924,179.02286852124692,-83.585429014885,-89.80547007005299,120.61688161957248,-62.44113991154942,5.121993390556671,-229.23118281182641,171.73475757598575,-595.1373538297023,268.68381552454093,-17.95588718828239,537.1744200147039,-143.42667101613074,374.1550375873755
27_1_0_20170103180510792.jpg.chip.jpg,1030.3159076474044,-25.617254359802075,5092.937215518597,940.3282641758101,3760.2288275230953,474.360131035292,-2622.047855120371,1348.7340368329924,787.5804927742086,584.1404323746731,-99.84508583417913,620.542042852275,-112.09880973136383,19.123940177488585,-1004.2771878209915,653.1321030609987,830.6813235210826,-362.56093389460943,-990.281689518619,-456.11186863900355,536.1962641632455,-490.54465336305685,-57.57239497874924,1268.5153634109226,-540.7435196119266,-235.8390762539445,314.03831970305396,-433.0605342664198,-2.1221900524141555,980.8366657486026,-114.27479294155667,546.0231513686618,835.9510247278611,746.2589055097375,-47.347835470362654,-416.6868678544033,-423.6119294283112,-64.23412785374809,-321.1326409890864,221.84990272677223,-259.09640964769824,616.384890981632,459.904413257008,-230.59310489760193,-52.23499517205838,-163.8810313796088,-555.2105305130627,442.52812017948037
27_1_0_20170103180554504.jpg.chip.jpg,1353.203508645801,-6342.992158694983,157.06333318782666,3292.0511888878846,1505.9303331145932,-737.0558709552652,-987.7256505528823,1544.2120976946508,190.6300312735038,165.63115512868222,328.65950156581323,754.9123560001605,-422.51082699917407,102.03319126011732,-428.8588847596155,674.7227560391715,-749.6277693306406,1307.9306235288764,330.10279794371917,23.517421126145592,-275.80663340994266,-238.23689261670046,-518.1418889534682,-73.24631255870405,80.26838054997936,276.1276681452699,-454.53026594802645,-366.61659421924674,194.86023309630593,483.56407268076697,196.263832153015,-81.70369781511954,314.57093877328236,-51.40731230247905,600.4575690848204,800.9305785414716,-525.7559891097269,99.88984147929662,141.0922385920522,747.4528286962395,199.63765421660108,1.749261038334837,-132.85467262690392,137.97860526829905,-176.2405559668369,532.7373661461311,261.86215767340565,60.44576849573293
27_1_0_20170103181541352.jpg.chip.jpg,203.73416499991586,-34.788409966749086,-4064.0865700648064,1912.4723195628592,-147.88010235101476,917.2466106895068,-406.05722830408433,738.5717262357479,1877.1066239906531,-531.9418136021038,-175.26990890710545,-396.7761832779657,-681.6196035516964,226.902739462651,-350.5782113287933,-238.96315986571045,84.9351805169718,579.0849217604163,-378.8782200090399,326.0022841600045,123.01683042397852,522.1714382323458,48.424618010366764,134.0168072176457,618.7220062682546,114.20426718791806,127.62157312854265,-154.70883683662558,660.0181703928146,233.0999523153493,-1272.5994444594673,-49.592139502626914,769.0621959684973,61.125294832051246,-3.552496345733941,-141.03422764842537,364.99024529350095,181.96777791221098,-3.594844119225025,-37.5185544153112,359.41276921182725,165.1548377755172,625.3169853497131,30.405182780354366,39.91197860607666,221.24254518365396,-243.8707985317421,-405.6445541042013
27_1_0_20170103182159657.jpg.chip.jpg,1559.5365861223695,-4123.207605426253,-1651.7582036080164,3190.2664055018836,806.3965895682935,2496.8812869387716,-1919.4978507725732,-1076.2611929293664,2164.8033950354347,313.5975134557311,-872.9064476305196,-220.2170465622414,-145.06398724919555,775.036439184717,-478.71804269150647,-1595.0469606809752,1468.3624780060748,-57.762367524582075,-617.9867132221965,-1845.4653264707617,1257.9757994184738,-389.6036102469906,-1134.3467636781004,-693.6819342915667,768.6497886485687,211.90113457887733,557.4073287901238,1350.0695954505368,-994.6956147444828,-263.0294351672846,413.0230175732763,-609.7794433227192,-115.25383287475584,-713.2500925364297,-113.6635140271478,290.6889541879475,-236.6976030625732,-332.9004669011265,-1201.7124901538546,-403.5833851416452,-32.54184604598783,458.6034244543962,80.50469564625195,-703.0835792256505,-96.40724341447164,-1886.4283842844334,-388.4469912054252,-319.8583726233729
27_1_0_20170103182501706.jpg.chip.jpg,-4971.932054289004,1217.9510337858537,-308.67748865460624,39.31212263457772,1043.4407923931603,-1637.2412114239105,-1140.4178738375906,1459.4351275958118,-1450.156033468632,606.8888897255513,-977.6718901774143,-722.5300734473491,-328.3484849494578,-1209.3609821468294,237.78167547110252,36.752716306302794,1284.1145714850231,975.8145132057393,-1574.8705570501731,-346.7549703352861,656.6621907776134,-328.5807375537389,482.8670904321383,-490.8482121275982,-764.3391475036289,52.84294939013609,40.83214778897681,371.51344049727146,996.7754514425017,548.1003265924043,-520.1583720330833,-324.89553464071327,726.4064204212474,35.815611158866176,44.06626217190746,-85.6756680788767,-74.04111396697034,-471.9997101275512,548.1347889975696,-782.1592154212225,-381.79514560884843,-286.76301870662905,366.3696449351891,264.3072641011761,-209.1869967893306,247.3542217144875,-109.23209977394048,-727.127638960094
27_1_0_20170103183523123.jpg.chip.jpg,3140.4180436863367,3962.6300674812014,-2570.311349764799,674.803061600472,524.5256158605977,421.34391533948207,417.35325236113164,297.02684506176496,1015.2416959687132,210.5149587376652,143.53734487085305,-366.7359863532552,555.8770342333353,-464.3688989971861,27.361773892944804,-351.3775851690226,-507.5212932963881,-106.88438863515033,346.1652827300798,126.8849911890656,-204.38970722168943,470.70419247131844,278.3569621002159,579.0832494859375,-508.2260589462088,-233.35030490242352,-114.53933507044117,-1101.150369181477,297.65558517412325,-164.99406813739486,28.6744561747629,336.6451837951407,-406.4454954923733,165.70538292974763,-51.943232242361276,-60.298571675404766,238.5480065685778,-333.6786835534132,-543.8645535061686,-5.041945435456591,-175.57185406897054,552.5455023271159,187.37175101683565,112.09206513737597,-20.433452696742773,-58.8207551770425,139.6024580137133,-127.38472586563476
27_1_0_20170103223625383.jpg.chip.jpg,4910.482206446594,-218.30531526527892,2186.955695940009,388.0786779288591,-839.6386966700072,1566.1531804364943,158.55963442380542,-691.5092526340197,1529.4587919691862,-26.722772834925678,290.3431138025733,757.141792828382,-142.4876077319096,-192.85243997652933,227.06810760213196,-979.1786631521384,-523.7102844793557,-582.4315076313161,81.38098393328096,291.9764845442291,509.2703980988749,1041.094923780807,449.74945761883225,1182.1152016835822,41.286166802280995,406.5364276706075,215.93960277849737,-69.16447874527192,188.3761423775668,273.5251434703301,-574.521649578877,166.14359997934403,-2.050109015055058,222.09926697553794,175.27292466772175,334.6026019579048,-750.6296012439606,-7.572662110044159,-313.9299396586343,640.8012269170163,567.6493779929627,-382.29809792394985,622.3024589045981,48.12639025757454,-197.77957610077965,-343.27998441531173,186.24788741184838,-211.065587940524
27_1_0_20170105000743720.jpg.chip.jpg,2714.5452626964816,-1708.764597258775,1821.4617883907522,-1005.4794556817938,972.0501885049645,113.23529721235349,2919.960518217545,-1236.952051329824,1157.2154057429282,295.8425734186238,-459.5566919278728,237.4656590589632,2060.9167008150994,698.3202127508019,-1498.070816386111,328.00692350246106,730.7314000164495,38.40579658613647,262.325679750151,242.60717771597618,-762.5429652069683,-800.2122003890294,1220.1694751454254,150.93030582869972,-1526.2707163454368,-405.1066451594158,262.3551662307991,582.694411617668,57.583793493738746,336.4903060263782,-474.2739753976173,394.91109139635114,369.24950522329345,232.40659573063385,448.7718933203832,703.9717658927178,-442.2222858034903,359.5077911394638,-562.9350199761254,319.2973919351005,109.69540776159916,146.80433954008342,171.6952301615023,-134.04025462867554,637.6713309977008,65.71873651343495,233.18322729813394,254.4714242093411
27_1_0_20170105183347327.jpg.chip.jpg,-554.7601086524215,3254.0228132700477,-1920.6935857024653,4876.076269709486,700.8680514578425,28.727893494516714,27.168362388107575,-540.2968957309128,-2067.360913439069,794.4918872997235,351.3490607860413,-923.1601656607902,134.81143426446977,-600.2320390799873,-967.4954634569476,733.994048516365,420.277051328588,574.0007335536022,191.90464325628756,943.0457877206114,-171.4498923602973,623.0414516212938,-802.8474789794767,285.2105855900187,-125.16747982939337,128.12059498963222,-295.94245953721804,430.5593407593347,379.07470244872457,-692.9507953884936,-409.1426113898056,-314.98895480962426,136.03386594018372,155.634528485306,753.7472522750274,385.5511644918338,-446.2307806949313,-163.01998364843914,416.43566626544396,-359.38533469443195,-440.99010628399583,-211.03863274243866,340.00346889278,98.97770116613805,525.4587481247654,620.351965901715,410.54345954402476,-293.20028973289396
27_1_0_20170109002819172.jpg.chip.jpg,-2446.211134947065,-494.70023906016206,2283.333616813269,-339.2603761835943,2033.4391333418932,720.3862370237554,-1934.1036048193944,2540.1362304773606,110.12440868844581,-462.8166937879643,-386.2679704459393,125.15157042462522,328.25480927927686,-349.1554740981272,694.628260415761,566.0796401668364,1343.0067356277807,1252.3813886521414,-687.6698018533817,345.43659855043614,298.6106266271519,320.64695562031926,-267.12698466857535,526.5039741604877,-688.1386367111172,491.8878865992066,-520.2724421720328,107.42861262955915,452.6009253993044,-60.24584889113007,429.19235996108245,582.6038865979923,524.26156612229,235.75213131131275,69.90333578375584,226.1102431255054,727.5775018980265,-263.91393243058127,133.26719595129455,-359.31052945992656,531.6802565302906,98.2008309453759,9.794492073364573,633.357903384734,-271.2361325782381,18.186723000900955,87.38786967621452,-508.44036786447253
27_1_0_20170109132133665.jpg.chip.jpg,-2732.268595431107,-7082.730010962506,3508.1949822985366,-3385.223885502316,-871.6608741164512,-1541.9990718074375,5395.417409758557,-461.1485967255083,623.5383457634055,882.6810318083768,2722.071872722694,-1022.895649092954,2004.2868041975632,-1606.9859175702363,0.3338793178197692,1760.220820610742,-722.6523870428462,484.8000386931714,-1364.3717221771485,423.53868080447774,1935.5104031403312,-595.4599642718086,-2649.5419176473283,-1183.039879080529,484.86327166997586,-288.87602874075486,-145.29542740236548,8.793311757923147,-246.8406860352992,-428.76972681681076,-272.70763605268144,606.2677610040435,-97.65570461831078,-267.4870929236416,-305.03097452250125,-147.56724415878284,443.5499248682812,557.400565243656,-571.3147851140942,573.186098680551,-151.24725248241856,253.84737518803462,1046.0530930400787,56.20697303116474,221.34372590324898,368.91983382672265,302.761412506977,786.2138031624899
27_1_0_20170111182452802.jpg.chip.jpg,-265.8539796828097,3101.304786724465,3647.7679582732303,-1876.1978787799271,730.0436520909834,-399.44752642721113,-610.3160699154859,1266.4374701755446,437.6791274422929,926.6785471732854,-1129.7018239813565,6.649865740301245,435.8733187372574,-783.4765778172602,-570.6539756903524,-1535.7952325771407,1414.8511469453206,48.912855416411205,-647.2481037217818,724.2961700268517,-174.06106060903332,-535.185730324325,85.28168009182477,349.0107928858709,-419.72412015323226,11.954524244457994,-233.4114385617848,-349.24890555350447,1442.654928257088,330.0143965626097,-120.42496687972185,757.5839193397995,-111.33654852986558,94.07835993943418,-269.77767486822347,-390.09550207080065,26.297269566175064,602.0110527448993,-1124.5810710903918,353.61301160452103,566.3818648851036,-62.33991616285229,525.793820987384,309.3053830329842,643.546726182906,-283.02267480510545,70.44805273161697,-419.82491455382075
27_1_0_20170113001007203.jpg.chip.jpg,-3609.4306429481367,-5117.508848602698,899.5455942747955,605.2252921827052,597.8574245897016,631.538928863898,1507.5837423933187,545.7372845597678,-271.5591876512745,-1654.4772427131786,1498.4240444281904,-961.2970258330053,754.2662685973155,-16.95235308060763,-507.3124034946718,-494.44319254477637,38.39763882456188,1398.4480594286008,904.4166456380641,732.7212793470037,254.31985518988677,-77.9107625989573,654.773753595049,-411.4038108035154,-1042.753047131858,20.872445345477498,-1026.469154861301,-716.2407111827825,921.2405040178331,-495.14192877515126,1158.6553510040574,446.3933526192347,317.87235147726074,-408.03519891550155,237.8925440484725,-116.82851822616051,-429.89253649526364,187.79384308661676,391.07109379860975,-130.32734161299427,-408.11499059310484,-85.05884844922994,-12.164799314928972,230.86588279987154,-401.48371887868893,-1390.404531983972,194.09000605519293,-770.8804237982346
27_1_0_20170113180930981.jpg.chip.jpg,-241.6280465613244,3537.568025659207,-2878.6702904123076,-962.6782977323686,164.86138724490024,-5458.701939110454,4240.674368725837,-1024.4347785279074,1046.8265449512062,1403.5327397808285,-2962.9138948237587,-2719.606009812,-938.5914065485791,1152.6422049067671,974.1551795754343,981.0982611739087,-1721.1197868039078,-1928.300963290786,-2004.7253738114034,-1248.5702205671068,-493.989201838953,13.473712221391587,-1216.5647875707336,489.24020715651733,-218.21184916024546,393.73863367024273,-298.0095440859499,-174.1560039637847,-989.1131231314193,902.6309079733157,-1641.5545130521073,85.92697060683437,-36.416010828145176,-36.19334661931953,-621.165947733935,71.1487275633215,417.3548508643112,605.4925801828941,853.8290286368888,265.42744036720313,515.629519653392,-778.4462974087446,338.9566573768631,-638.4429872208548,-563.1326153610449,24.32397950120514,-586.6077278618463,103.14027327616292
27_1_0_20170114030815179.jpg.chip.jpg,1451.2713644924195,-2949.8746307754827,-7266.9361991509395,-904.9598885631966,1863.322120356617,-1692.6801202074776,-1584.8019343253452,-2026.7268127443851,-1913.6971372499324,1427.8878692872217,-144.4943907095365,-433.31444385517244,-306.81825557821855,589.6847262504266,33.91982355059717,413.26150028920046,57.71767916250994,196.8784866741207,-352.9981862598318,-1330.1507426541443,-44.79486331280102,-754.2522209607135,-158.8704456065525,-318.9364623774159,112.40297568436819,-670.9538273427354,157.82824946449156,262.0665625826231,-260.36235623415575,-170.54832584090727,728.1629585279062,-440.3283505470997,74.5295772246474,-242.11588957423476,-34.05279849005784,199.55250820672572,627.7728230813681,392.3342819040009,610.9894175282368,82.92544526568861,-170.945820877074,-101.20474792086357,226.79111241111707,-85.80915087470237,-181.92643140764528,151.35689845612268,-420.92989873186656,-166.62891262194788
27_1_0_20170116171141861.jpg.chip.jpg,5007.204022379165,-4369.481797468956,-32.479597165363806,-760.5821726092871,-2140.695531166157,-602.2651710818119,1807.9514585014458,-499.7853856678899,358.62598779060096,2109.2618778976434,1111.738064070429,-329.17015735087153,709.0722627108532,545.5181529486299,-218.63756106884608,-100.31102311394855,-1229.5668836658958,487.240014441566,-1163.7858482648007,473.1401120603294,-1476.5282704162996,1150.2383466015897,1142.3068437254542,4.317836933995121,-28.57520426781301,1207.93191628264,2080.2231159123735,1181.3232726898405,221.61132678959117,778.6082149180901,-769.9127677845797,55.795943741315085,671.8977669434009,971.9693960903295,130.12844477716175,-693.5429559512737,460.3129609065886,-540.8595583431978,-159.06837281327336,-683.987208653925,1161.3940873209795,445.03928115327284,-740.2126708239153,239.2589537018214,60.12496820507226,-1106.0641808666148,954.6378625571236,-457.75506700139465
27_1_0_20170116171624008.jpg.chip.jpg,-6185.702828869509,-2001.1441710294719,2462.602228206111,-619.4641701236914,373.61954023009133,-272.0969324700519,94.6650669540985,-431.8879704600532,1168.700574762556,341.1215289160019,565.9201212842127,1005.6532277454965,-2049.636271522936,704.2297540634416,412.26901341943363,118.90594768996567,1433.6874882596205,-716.6869792180474,-1049.5509491973764,898.4394075921,449.08137022881573,-264.5193571758017,-1018.3369485330512,-1296.0620416286156,-1175.2289796436908,-430.8775459118155,1149.3065046585891,-202.38935957815144,-387.6915506962438,-945.5243513220088,1071.0477252372166,1347.6770496927584,-389.2520838303093,-388.83133597487017,-603.8778254086831,-342.9529967703315,371.27949522448944,-600.4220273059741,-209.51189171239466,293.811676730214,554.1641213976939,-87.37260176842575,-357.32468392314297,-181.86725848560394,143.94129153830522,254.5947552734581,-232.51659345173087,-659.1230003916022
27_1_0_20170116201204900.jpg.chip.jpg,3604.6676072454297,-168.81803796785795,1758.7048227482921,-1464.823726599224,-480.4875006825878,-3028.0203124638597,524.3467593172593,1477.3750054383518,1295.0815240436646,1826.9647044831177,-1629.995517587914,-2223.7201187051096,1678.174524009975,-4407.162108382438,-508.0928064096095,62.075074291314934,2408.335240363999,-474.27287634142067,-1278.0340683685865,440.5131068301649,860.8308864870928,902.4127267613711,1023.0509562385705,-281.2389659293572,2646.057681721665,303.73258193837484,766.7338031317688,-871.8906141427376,-1515.214591526626,-165.21583482275997,264.7962737988146,135.88901392261283,654.3291002654241,208.0261677364467,684.0494846603956,912.4873210000206,-1272.784612290974,310.5961839290489,878.4057473759215,-139.92944179931723,629.4347208124971,-985.565252381677,101.0750825071084,-901.4037837437866,-1244.0332251868158,-27.783016952944084,556.5167233393852,738.0037746584638
27_1_0_20170116205640528.jpg.chip.jpg,5473.788857048383,7822.898940087374,-329.08537334918304,-335.79345647342706,621.8786481755257,-2739.737216717652,507.17585080364734,-560.4377975981255,721.176246982505,4356.447295171268,372.04554097372704,-3790.9184848790164,-1236.8680332030594,-810.1251451771296,1324.881140536026,-1573.3342152598705,-914.3982870254343,-384.3056789757824,-1408.2336672812498,1542.8890346676108,-517.5938535241393,-1076.651180944329,421.10659061974235,137.54414487600607,-1594.029502712524,-1622.5301500075514,-330.49390238720105,-169.29529700592536,-439.46492115175045,335.5925585258841,854.4555327503135,-189.3766554775894,332.1988036802797,-205.85590987504065,-368.4032995132531,-1114.2517032517678,515.1922382792799,354.4912435776137,1137.6109068932599,639.6095485981716,891.8874483486311,604.3157374191029,369.6052788920848,527.9780867341956,-148.376735207726,-705.9625437216409,843.7024507247414,662.6180003145267
27_1_0_20170116205911682.jpg.chip.jpg,-2058.0790836295505,3655.9222914944357,-546.4698169662103,2743.33626119754,2907.32365592655,796.5835603874549,-995.2511587388171,407.96730622607834,-553.6557911961229,904.3588523853663,1166.897744644105,561.1611546727481,1196.1194617852184,238.26862257282357,-282.2969328106726,711.0089303139005,553.4287988726563,-1014.2051196092606,-700.5201149759029,882.0822605780434,-252.15598511670004,-103.31757727726111,566.2080710550069,1020.5408026581572,187.44911927896587,604.5618617672695,-184.9902604989649,-874.3239700855679,-285.1744012940203,-333.7898032917177,38.199745553983085,796.3998456009532,557.9353167292751,-430.1809922392331,270.49069176284047,154.73243799985218,122.29865466604424,-450.9058342689926,53.708058508936446,435.98292831269055,421.5162279039258,360.43524417011065,40.25176132597862,-162.03752534805372,-409.1717334153057,-199.38901910212664,-319.66363733425527,357.0651830245948
27_1_0_20170116220503099.jpg.chip.jpg,-2727.941123299364,-1953.6142500813758,-4842.974715670397,1692.217331402087,-451.92214665044366,-655.1506134092593,-1147.764069186735,976.0737590922507,-107.67940833156456,701.9809892728089,60.27422823161745,-424.68987455173686,318.1914572577597,-190.66273729321412,-1200.839945848498,-81.0923509343212,21.30259358301821,-98.65730800567263,887.1239716577393,-350.91624829433005,317.0705356592231,-761.680557987187,411.68319949005036,-22.245574838223213,-200.5279259379548,1131.8497670484119,-384.1829194417693,44.07210976612989,-203.7540461179596,-532.4665758589965,53.074412492314515,344.0806751224953,-255.67057314775067,434.12626616675993,213.87336276266265,-174.2197296211106,132.85524483920838,683.0125823261986,1.199622989358957,101.58546064274218,78.71107528972499,-257.3082950632785,240.41627569571637,-175.11552181747334,425.9936758601302,-215.33292166254734,-139.10716307560693,-202.59522731924804
27_1_0_20170116221800786.jpg.chip.jpg,2220.8956874117903,6731.379258222039,-3359.365564660875,1294.8580770627289,-884.7855392005191,996.2800504989206,-251.65293392274398,-256.7896789508089,1004.4225146147342,-514.3609902370818,-1070.2108006285102,163.2180707770449,-1211.0415293522772,1183.7851255879007,364.82071593651585,-142.88653597755766,976.400517706924,1097.2935152030018,-1629.4292557588935,-1293.914517436546,975.7794724220449,-1351.0372396877801,166.76415962641778,-780.3001412908361,435.8288389727853,-905.3057279614331,-930.0919895074858,-165.02059013583207,-442.85245509251905,531.7296352349246,1132.3178817187295,-801.2840246255873,-304.6865791338179,-976.3117208520337,-121.40275209324285,-133.08884801934306,-320.702306665315,-107.54029264922148,-56.38044044378774,-513.5083273982566,534.974042433113,-351.0263097205116,-90.20932019731214,769.4911026669539,346.81547458045543,-254.60950557845865,631.6401179826959,-134.3821568403633
27_1_0_20170116221836595.jpg.chip.jpg,-8727.754372840269,151.7630323718594,274.5704416552116,-1351.5105137313178,-1192.4947355044496,280.71429642203975,2827.639412956189,197.07512360406233,-981.7567939241458,315.1757860667686,1876.6915533015808,1413.9199934012681,-1915.3047501767635,-1284.4989727060486,189.85806998661258,215.60778032552847,381.2665830418039,-514.4382205576659,-154.8349863558566,-867.6046358033643,-21.784518342950157,316.4747338687911,-136.5108540365087,-557.1338823966933,-223.8865704984346,1243.2526897970397,-1172.7936844123828,1102.4379820769695,-682.0035834102596,-57.10513644705637,511.18270296712757,-405.23867924373747,-79.22379692231644,636.7657852633888,847.2303298674561,-302.9020132417232,627.059493761955,671.7448214396375,-246.67874543858107,-176.80044840550266,-356.4052028272301,-1.4097783859482993,-297.08063188689016,-443.87931095855083,321.6877109466317,8.45050203743282,405.1490157061359,440.46734131509095
27_1_0_20170117120618507.jpg.chip.jpg,-3784.597453178739,-1085.6851629209664,1050.3500083503957,906.5324472652485,3577.364192638613,-45.06407705676599,577.5137305701052,1899.6459754572904,-1261.6827776074815,608.996382642635,1997.9902559026957,8.758728646945368,755.3483833855046,-272.88869386713145,945.8784386109046,-845.0000558192087,-687.72350171878,2144.956668708019,-22.982196402227,208.76242262921,-270.06690603234927,-376.08354656101346,-717.9717189497497,-960.2602094241004,-495.32864246400163,776.3215794966428,498.3487070689107,272.0594392884825,233.10999140203884,-405.2348931699763,631.0175912326171,615.5053370034572,222.35687198136054,-116.6108251253573,883.332149408849,151.83986130152437,879.9447931369056,-59.76375348878114,445.3987475186601,642.6218827640831,-255.41123920421916,240.5806053423459,133.71515741177768,329.76962771106236,-99.74887370308771,291.57448592980467,-181.828959709059,-262.44389998122625
27_1_0_20170117120646100.jpg.chip.jpg,3718.171888943109,-1072.453564140346,-1049.9814079001385,-754.2234426479532,-1089.1254955218192,2414.083827801732,713.7722459156797,261.5802342722036,914.1062695633644,340.2769906068375,-1025.1723294502935,-61.16843055231407,-2278.5282261115426,678.5098843758014,524.2366988293427,505.8497271895782,673.9541820868918,-573.8845750734454,663.6459903198564,1343.5095549873,-658.4002603958861,677.6953459833995,-1070.941630054417,571.2181747829683,473.2118322493009,1387.0354175308391,697.6476372810324,668.032336327324,1477.0184125272451,-1218.111206561665,-1063.7669960637309,395.6211678345926,77.047341356726,484.49101495257895,166.3797698130515,-1021.4374183129149,-276.7292539240114,-369.3446640463234,-839.0453482979489,92.91905280916026,10.722522410371784,344.6160347834059,612.0978002412584,371.5468218432517,-608.4684499967618,-617.9059043612035,100.51023790239688,-476.7183793455465
27_1_0_20170117120648293.jpg.chip.jpg,-5874.625656233018,-6748.321558346082,3568.9260973657333,-1828.33439182424,-974.8541537215327,2934.7241543443165,359.9054732777889,3311.7475930957476,-1627.522046741721,1887.438850547459,1402.48961120056,386.7047049767063,309.4483155524521,-1044.5457029050183,3047.764071314049,-2302.7222259383284,232.83017892539365,328.9296130078339,265.0287367042344,-1037.7132636665021,431.0939880463488,-909.3777042511476,-914.4184962746194,2178.744711908222,-531.3791403621858,575.6049144405281,-1237.326607463244,-468.60879872907424,166.74588378021346,-735.557684065071,-397.9457764805226,-272.8060956256716,735.8386989051756,119.74197182293682,-936.5660018856559,507.50660950928767,161.4337676866475,-756.2009787620909,1097.6776393110988,-219.5211226128039,1667.6500973908892,353.7581710207776,1166.4646950957256,-607.3147290110448,115.16364078049878,832.6540313044692,543.3675859673207,670.8555785865835
27_1_0_20170117120650933.jpg.chip.jpg,-2675.154561883548,-7219.236988829892,-7969.223906746809,-3313.93105349332,4023.5697675506253,-4694.4958516399465,2714.6109525768497,-141.43458995418155,730.6936226528245,2394.4180051051553,-315.42829038584676,-945.7201268165068,-138.12226458520126,-586.4688743578189,674.5286742417053,-2110.8422570041084,1966.4156993722167,1185.6660487353688,1046.2939545917245,129.98504378920268,904.687744474999,102.21658670514715,545.2921186596739,1090.2916799301959,-237.4565378648595,-237.43855272766874,1318.7346961545286,146.49604091072328,-34.48546215520232,1304.0892363096762,0.670131438551047,-1181.1574344546302,-1723.3619721551051,-47.499203300600946,-577.9914588029034,310.45722488329443,109.37776900647519,-349.73507997587484,21.160514020761426,369.20829320811544,-513.4825712071836,-2185.507368499133,-15.829168135615731,-477.4647484762178,322.6317028895601,352.0851006779434,1016.2482157603401,-698.3225929841352
27_1_0_20170117142744825.jpg.chip.jpg,-5162.575348608777,-3546.3756195003175,1925.542386918939,-2866.5139502376305,-4157.0383129656775,72.14177001845648,-1163.9656711779546,3457.9132623217597,2375.6700428380072,136.41946889762875,4310.0669082512895,-1397.8104444726632,202.21335670865076,-552.0456008565146,-1014.0856466444136,-275.96836663757716,393.52501798732885,-596.1629616278685,752.745167123235,-448.25475132814165,219.30501471936924,536.2716789703802,-223.81774812339626,-577.7265840922138,718.7018583714041,767.0018294349618,-219.83526380802778,645.479638604444,150.2289985641274,293.3484849466062,-199.4572093085886,76.20550124049336,-1556.593816345604,-1119.3012907046389,-563.2030343468231,-338.0240416233588,560.8382370527298,-1340.2038425529036,430.5579810390925,-614.8356938236175,476.85804114972547,9.342905218896892,-922.8503147676479,-145.88441500766635,-332.81285916624364,-309.8495636472466,-407.46032605457395,-79.61963278784135
27_1_0_20170117144358667.jpg.chip.jpg,6514.597792659852,-8008.5103965951785,495.73894486154296,864.4849746478927,1088.03966654677,-1946.7725187189696,-941.3335921846086,1564.7690006326904,1661.3673854081667,284.4349409274858,-1247.2986416655995,1679.131677385493,-81.92794318524491,-409.2984066934305,-1526.1371853105845,-75.1492020094339,-300.30551430844935,587.114093446469,829.6059388083236,253.54506910780452,572.8680574777587,538.3382977651557,470.68900335560346,35.32070839009696,62.76740689057314,-504.35608770676066,203.01103840192098,330.4091576044008,506.56815732774436,162.73056127924315,287.0710711098818,-141.53332417086503,289.45349533092366,-756.9346869608919,-198.6070602046648,-226.86106417582985,209.60855709135467,25.87737724509448,79.84608461839638,760.0405511018184,176.1143399802617,274.08833705684134,223.59427151113854,355.0527647245301,162.0393859841691,-575.5709894412306,148.32498875648264,15.098643396159652
27_1_0_20170117144846034.jpg.chip.jpg,-4048.506600240171,-5176.945677830222,3654.5973754701135,-230.61794038542365,-3632.197296599256,1584.2260565302638,468.5897787666984,467.3661492784849,-2041.7611695367673,310.57280523333463,2250.347168839696,-1717.0879112326277,1335.0579686105152,-579.190094017988,-56.947137477493314,1658.536430566867,54.46127442192262,70.46357891314315,-1444.6204939793492,-1028.7811982990445,808.9146432549031,605.3962630604557,-285.3482587428341,417.1489310301092,293.98717510340265,-605.0532421173277,-18.360128132294708,89.43106525285633,937.6517013909319,-877.4190611251785,243.71685483822526,239.62647250825444,-718.6340765012346,-97.90956195559984,-563.7986156926218,263.5722393503734,-285.30549922934955,240.26605332256918,132.47391681959004,-620.3724387325909,-880.0177462404513,243.06226086763346,224.43612316111137,-285.8320308540214,-374.3378645508181,-60.55683734906364,208.14220855676305,-95.90896303212105
27_1_0_20170117150919860.jpg.chip.jpg,-2507.0855911241006,686.4794909015767,-4104.068606288266,-4045.9405371794355,2285.838579071725,-2600.4719434087824,685.2176916828255,-4539.185291247301,912.4793560643208,1726.015550997706,580.675724355699,-159.538941008115,-832.4974058411647,-1149.1652455254816,-347.46448958653264,603.2233893335185,667.729169094034,-667.6321778589106,1225.2089649258469,-235.7393132507705,672.510921694402,-1347.300827008139,-631.7382859979446,-595.912010750598,725.0945581162142,145.79460571435507,-75.53829659551579,138.15516913007767,787.4737634975498,385.81113706478385,14.156783704276371,115.76293039653375,875.1036097306024,191.53978255142314,-886.3127203480615,1265.6665180286427,-278.1456858165742,320.9443788481431,962.4590342200624,154.01053320067533,-356.6771776333212,803.5700866415069,-1068.179877033812,-96.14694109756621,-496.1841012151354,-644.0368342247482,92.47500807308536,-769.6331978852257
27_1_0_20170117150925811.jpg.chip.jpg,7751.8123153429815,-897.3582012612026,-1387.3467681732368,-7287.928547538452,-2017.2141762232939,653.7226397475371,562.9382506305133,132.73915710338065,-1364.764310836985,651.9491297500111,-967.7019985244134,1180.8141444441505,-3584.3022324797284,-668.7213065430617,-1192.566125837354,545.0322361230367,1435.6366397202535,-167.8929365666731,280.5333144844488,-159.5369686560552,-141.346043006652,963.5073675600577,-1813.6120959306395,1252.4227352956423,-0.19475859122487565,-117.21878490234928,171.99205591731575,235.90277491645895,1127.4596619022288,-749.6691479833539,1199.6815526419202,-331.678234083718,-385.15667078042003,284.3597845773907,-166.59737404278272,-412.3054678815745,757.9626395076976,105.4313153329581,895.5822332329255,78.96272538843985,-605.7656599098209,563.9035245467036,364.40771464038335,-112.8197701305563,289.34894127026615,121.67777364786282,-113.04462171573562,132.56239365169208
27_1_0_20170117175942220.jpg.chip.jpg,3654.158668329494,-1695.732438899321,-2112.0192237762303,1307.9372443284346,-1604.763976628548,-237.23434807556865,-301.60560563023796,1526.0999110917414,3177.01137850371,-1201.864309440537,1061.790050339306,-746.8077430842652,-2579.8458784593895,668.5825921508982,126.24926942387779,-101.94183582677853,-370.3735208421446,547.796977174545,-108.24868109637967,-265.4516834148957,-190.3964734812543,159.88548091244527,468.011971982073,-1048.7176382678522,669.4485056156927,432.79129352928527,-1101.8877231261097,-745.4174288730338,-74.43856683266121,-7.394609801614513,527.182969702319,-436.74506360120216,609.1422911671347,-122.67395745907707,-528.5233626690228,-509.3644841965146,272.49502910610545,489.19157384002796,-442.37988972803976,-297.75176614838216,32.14542480174566,128.56085732194424,635.6903483200792,780.1325347147774,-71.58923562524305,570.5631626957907,832.7392963697469,-211.32444286483332
27_1_0_20170117175951091.jpg.chip.jpg,-6101.380780430329,7079.827002464583,-2967.6990232447715,-3872.8836750121277,-1465.9281502931246,-2525.5203023366917,-4794.347794630811,-4538.437098340951,-3213.312126716044,-2378.5043719805603,1336.321364912383,-452.33248905173986,4.242185962975876,-1233.164740913292,-1550.0538327327633,-1128.8511716102983,-1481.0144905269526,666.3691063501889,-207.52024795110634,649.2194801567168,-1559.672673915795,-1122.3715093094986,-1152.3449183779494,2073.8346010073747,1465.5001874363418,960.6412456766865,1424.739182792676,28.723020314524046,438.14003922432244,1329.7895040792007,-135.53682642481752,961.9657688559633,1121.3471784134438,-115.09473917977459,-971.7961869298218,-352.348988268777,-1384.5748343837272,214.67845813146923,303.20895492860626,186.9520301154106,-386.2147101709507,-274.7643989126242,-864.8309122838676,123.46085496995191,-361.40594239297786,-177.91491384727348,112.998621034737,-134.45028620283122
27_1_0_20170117180028028.jpg.chip.jpg,1163.2353286022744,2288.5067565008353,4159.803928717988,-106.57571032432183,-1465.3946795755423,-391.87509939125397,162.49743379022175,-2191.3083961267557,3046.2173566792544,-772.2531906821932,159.0737523770456,1171.7103403583865,104.82402207072002,1332.1946147783085,-688.5612029307531,155.55730009058723,140.9811337711011,-433.3484062571276,687.8555377340326,-983.9296573900393,77.18090837090853,-7.379015221147159,-140.18284150072267,-491.91340841045974,38.85648968283407,-324.74588825384114,349.4983295173204,-491.2924106685379,-1243.9777398287947,-637.3888815449909,320.65279651027146,-477.4445501874372,316.2012775761746,-144.33478949628534,-733.1793710932444,428.229234751699,482.616897358261,-387.48701015355067,774.1808211594257,-86.49534943156691,513.1374232077153,-232.39474972109213,684.2269629107893,-410.31523644778395,-604.2922714995426,-343.16807276685495,680.9416180462206,369.7132300156709
27_1_0_20170117202238951.jpg.chip.jpg,5920.6981456854855,-1139.8274979035475,1697.3307521904073,2158.705350476997,-846.7856599014018,-1458.5140936941762,-139.9762054915576,-1334.360766789093,369.45780010194466,-1065.6108402295122,571.4509130430029,188.3328186428987,-834.1183841596131,825.2439222257158,287.75877831148216,735.4803654763341,195.63809863797184,-1190.8542986234916,-439.3643140289024,790.4326533906494,550.9867950732681,-604.8608238500583,-333.40297820449575,373.86566748884894,459.84132086963433,893.6321714603195,9.539551792501165,-62.33863378486641,-348.8357519386838,-630.8301657999652,-99.78841742145016,360.9572621499925,-95.49234309135684,-656.4852640975244,1078.2337205125687,-508.8828188233987,-1463.5833267132125,508.7576940065454,183.70659555128876,127.54303318441461,185.292180412951,-465.88028250508796,-92.3733280271536,590.8527052513218,96.2497436488804,0.35946019825491826,99.33064269732279,-1.4064124280026116
27_1_0_20170119155531065.jpg.chip.jpg,-6632.372691319651,367.1132819360135,-3613.3569215670673,1208.6427758989996,1350.403178664842,493.4762796337818,217.78737802169093,516.1744287757338,1524.898817500798,-804.6132184524841,73.28750725635211,319.427768248406,-310.7296006469322,-240.7681764779379,-744.3715824003892,-251.99837639908694,124.61827680420113,366.7139702067293,-507.93229873716876,-801.3451541365794,866.8992330564474,188.57342096700293,30.1639839245858,119.70591681232848,-76.27257624402928,429.8966918855485,-202.2126784736089,-258.61254664671,350.49966115443885,199.52633972169383,-287.3760710594212,-177.90372799433135,387.7718810630591,302.00997192743273,214.63611099475588,319.8667814084036,-160.17493472869972,20.44577493602173,-233.72500225889468,-259.46579446692687,322.642833963278,217.77370641798532,304.8747430273236,-396.3874679188194,-98.53145761175377,-52.68633561900188,-61.28398512527508,-34.40765094141946
27_1_0_20170119194402442.jpg.chip.jpg,4179.517167785558,-3136.322916211971,-329.75409719069654,2824.044181128056,-2721.704278496089,1920.0087739839457,1523.8995154656322,-2438.0658061391277,-685.8388049011143,869.5367720138443,587.4516459548998,-1059.758763743866,-1221.0982280324884,731.8125369926651,910.4376704655336,-40.60524401599414,-1091.9585356792538,-15.112599213154228,1137.167545750583,-87.43501400610177,316.30100807219907,-263.65504110076495,893.9370261544532,-420.5456971922287,-297.31832180403813,-1249.9368566233748,367.76766378522285,1066.6107536019047,-341.9773229480699,-654.419999208569,-38.894446515647566,546.8547369882394,-292.9253169871588,1223.0735678431017,-696.3823037504889,-250.1606108564196,-654.5864295021439,255.54954534540758,140.21747676292776,-1020.6026415500356,32.86692659213588,598.4085009550273,-502.2747459598553,529.1335934408315,140.08801319403224,224.93203858837472,-394.9938820836242,-308.43922930258555
